date,trend,remainder,seasonal20,seasonal34,is_projected,projection,observation
2010-01-01,224.516572122598,25.3776228733328,3.77874393440265,4.32706106966624,False,232.6223771266669,257.9999999999997
2010-01-08,222.821850500797,361.939322111195,31.164273066709,22.0745543212993,False,276.06067788880534,638.0000000000003
2010-01-15,221.127128878995,389.721132246889,-2.9865420052906,31.138280879406,False,249.2788677531104,638.9999999999994
2010-01-22,219.432407257194,440.584224434852,9.00496105879301,0.97840724916078,False,229.41577556514778,669.9999999999998
2010-01-29,217.737685635392,343.611593735844,-3.77845837071584,14.4291789994794,False,228.38840626415558,571.9999999999995
2010-02-05,216.042964013591,364.946638671911,10.9823517602833,-21.9719544457855,False,205.05336132808878,569.9999999999998
2010-02-12,214.34824239179,158.349506487806,-23.6256622405563,-10.0720866390397,False,180.650493512194,339.0
2010-02-19,212.41765451412,122.569368966973,-2.29726387447544,-34.6897596066171,False,175.43063103302745,298.00000000000045
2010-02-26,210.48706663645,155.055036783991,1.14453151850708,-24.6866349389479,False,186.9449632160092,342.0000000000002
2010-03-05,208.55647875878,10.6307069029274,11.996623215225,-36.1838088769319,False,184.3692930970731,195.0000000000005
2010-03-12,206.62589088111,-18.0252714510997,-15.8906884554198,-28.70993097459,False,162.0252714511002,144.00000000000048
2010-03-19,204.69530300344,4.39642195485243,8.12880716573089,-27.2205321240229,False,185.60357804514797,190.0000000000004
2010-03-26,202.76471512577,-45.7079589850351,-23.6672327133327,-4.38952342740183,False,174.70795898503548,129.00000000000037
2010-04-02,199.180679482821,-39.6211747416598,-6.9341763640841,-8.62532837707755,False,183.62117474165936,143.99999999999955
2010-04-09,195.596643839873,-1.14168195872165,-27.7273158442724,26.2723539631207,False,194.1416819587213,192.99999999999966
2010-04-16,192.012608196925,-20.2453134908357,12.1710087035138,10.0616965903968,False,214.2453134908356,193.9999999999999
2010-04-23,188.428572553977,-42.2658841390289,-9.41624844082732,16.2535600258794,False,195.26588413902908,153.00000000000017
2010-04-30,184.844536911029,-76.5669891580569,-2.02597809697608,12.7484303440043,False,195.56698915805723,119.00000000000033
2010-05-07,181.26050126808,84.0022984617003,-3.31666711389402,49.0538673841133,False,226.99770153829928,310.9999999999996
2010-05-14,172.549380196362,-103.534137426829,33.2949345561188,-0.310177325651638,False,205.53413742682915,102.00000000000014
2010-05-22,163.838259124643,-107.136995295128,3.77874393440265,24.5199922360819,False,192.13699529512755,84.99999999999955
2010-05-29,155.127138052924,-106.00635952266,31.164273066709,6.71494840302627,False,193.0063595226593,86.99999999999929
2010-06-05,146.416016981206,-70.5335937549789,-2.9865420052906,40.1041187790637,False,183.5335937549791,113.00000000000021
2010-06-12,137.704895909487,-96.7540760033109,9.00496105879301,12.0442190350307,False,158.7540760033107,61.9999999999998
2010-06-19,128.993774837768,-105.993849684567,-3.77845837071584,22.7785332175141,False,147.99384968456627,41.999999999999275
2010-06-26,125.318411756721,-54.0025770728015,10.9823517602833,2.70181355579706,False,139.00257707280136,84.99999999999986
2010-07-03,121.643048675674,-47.1366963865852,-23.6256622405563,18.1193099514677,False,116.1366963865854,69.0000000000002
2010-07-10,117.967685594626,4.58455284008349,-2.29726387447544,-36.2549745602344,False,79.41544715991617,83.99999999999966
2010-07-17,114.292322513579,-14.2018129276437,1.14453151850708,-8.23504110444241,False,107.20181292764366,92.99999999999996
2010-07-24,110.616959432532,-9.23980797766536,11.996623215225,-23.3737746700912,False,99.2398079776658,90.00000000000044
2010-07-31,106.941596351484,-8.23261683061826,-15.8906884554198,1.18170893455383,False,92.23261683061803,83.99999999999977
2010-08-07,113.758636395784,-53.2568824363905,8.12880716573089,-17.6305611251246,False,104.25688243639028,50.99999999999979
2010-08-14,120.575676440084,-59.6598302888682,-23.6672327133327,-3.24861343788316,False,93.65983028886814,33.999999999999936
2010-08-21,127.392716484384,-52.5592081476879,-6.9341763640841,-29.899331972612,False,90.5592081476879,38.0
2010-08-28,134.209756528684,-72.8095017540778,-27.7273158442724,4.32706106966624,False,110.80950175407784,38.00000000000004
2010-09-04,141.026796572984,-90.272359597797,12.1710087035138,22.0745543212993,False,175.2723595977971,85.0000000000001
2010-09-11,147.843836617284,-118.565869055862,-9.41624844082732,31.138280879406,False,169.5658690558627,51.000000000000696
2010-09-18,156.854037535141,-104.806466687326,-2.02597809697608,0.97840724916078,False,155.8064666873257,50.9999999999997
2010-09-25,165.864238452999,-139.976750338584,-3.31666711389402,14.4291789994794,False,176.97675033858437,37.00000000000037
2010-10-02,174.874439370856,-148.19741948119,33.2949345561188,-21.9719544457855,False,186.1974194811893,37.99999999999932
2010-10-10,183.884640288714,-125.591297584077,3.77874393440265,-10.0720866390397,False,177.59129758407695,51.99999999999996
2010-10-17,192.894841206571,-140.369354666663,31.164273066709,-34.6897596066171,False,189.3693546666629,48.999999999999886
2010-10-24,201.905042124429,-115.23186518019,-2.9865420052906,-24.6866349389479,False,174.2318651801905,59.00000000000051
2010-10-31,208.695909696003,-82.5170618778644,9.00496105879301,-36.1838088769319,False,181.51706187786414,98.99999999999973
2010-11-07,215.486777267578,-89.9983879222721,-3.77845837071584,-28.70993097459,False,182.99838792227214,93.00000000000004
2010-11-14,222.277644839153,7.96053552458707,10.9823517602833,-27.2205321240229,False,206.0394644754134,214.00000000000048
2010-11-21,229.068512410727,59.9466732572311,-23.6256622405563,-4.38952342740183,False,201.0533267427689,261.0
2010-11-28,235.859379982302,241.063212269251,-2.29726387447544,-8.62532837707755,False,224.936787730749,466.0
2010-12-05,242.650247553876,251.932866964496,1.14453151850708,26.2723539631207,False,270.0671330355038,521.9999999999998
2010-12-12,247.259750604728,241.68192958965,11.996623215225,10.0616965903968,False,269.3180704103498,510.9999999999998
2010-12-19,251.869253655579,231.767874773961,-15.8906884554198,16.2535600258794,False,252.2321252260386,483.9999999999996
2010-12-26,256.478756706431,170.644005783834,8.12880716573089,12.7484303440043,False,277.3559942161662,448.0000000000002
2011-01-02,261.088259757283,122.525105571937,-23.6672327133327,49.0538673841133,False,286.47489442806364,409.0000000000006
2011-01-09,265.697762808134,205.546590881601,-6.9341763640841,-0.310177325651638,False,258.4534091183982,463.9999999999992
2011-01-16,270.307265858986,201.900057749205,-27.7273158442724,24.5199922360819,False,267.0999422507955,469.00000000000045
2011-01-23,271.198245103245,187.915797790215,12.1710087035138,6.71494840302627,False,290.084202209785,478.0
2011-01-30,272.089224347504,126.22290531426,-9.41624844082732,40.1041187790637,False,302.7770946857404,429.0000000000004
2011-02-06,272.980203591763,45.0015554701824,-2.02597809697608,12.0442190350307,False,282.9984445298176,328.0
2011-02-13,273.871182836022,-56.3330489396419,-3.31666711389402,22.7785332175141,False,293.3330489396421,237.00000000000017
2011-02-20,274.762162080281,-83.7589101921967,33.2949345561188,2.70181355579706,False,310.7589101921968,227.0000000000001
2011-02-28,275.65314132454,-23.5511952104101,3.77874393440265,18.1193099514677,False,297.55119521041036,274.0000000000002
2011-03-07,269.863002224632,-64.7723007311068,31.164273066709,-36.2549745602344,False,264.7723007311066,199.99999999999983
2011-03-14,264.072863124724,-57.8512800149912,-2.9865420052906,-8.23504110444241,False,252.85128001499098,194.99999999999977
2011-03-21,258.282724024816,-58.9139104135181,9.00496105879301,-23.3737746700912,False,243.9139104135178,184.99999999999972
2011-03-28,252.492584924909,-69.8958354887465,-3.77845837071584,1.18170893455383,False,249.895835488747,180.0000000000005
2011-04-04,246.702445825001,-33.0542364601594,10.9823517602833,-17.6305611251246,False,240.0542364601597,207.00000000000028
2011-04-11,240.912306725093,-28.0380310466535,-23.6256622405563,-3.24861343788316,False,214.03803104665354,186.00000000000006
2011-04-18,231.575269105402,-14.3786732583149,-2.29726387447544,-29.899331972612,False,199.37867325831456,184.99999999999966
2011-04-25,222.238231485712,59.2901759261148,1.14453151850708,4.32706106966624,False,227.7098240738853,287.0000000000001
2011-05-02,212.901193866021,38.0276285974545,11.996623215225,22.0745543212993,False,246.97237140254532,284.99999999999983
2011-05-09,203.564156246331,-13.8117486703169,-15.8906884554198,31.138280879406,False,218.8117486703172,205.0000000000003
2011-05-16,194.22711862664,-23.3343330415318,8.12880716573089,0.97840724916078,False,203.33433304153166,179.99999999999986
2011-05-23,184.89008100695,6.34797270690356,-23.6672327133327,14.4291789994794,False,175.6520272930967,182.00000000000026
2011-05-30,178.735562212535,-72.8294314026649,-6.9341763640841,-21.9719544457855,False,149.8294314026654,77.0000000000005
2011-06-06,172.581043418119,-25.7816409348073,-27.7273158442724,-10.0720866390397,False,134.78164093480692,108.99999999999962
2011-06-13,166.426524623704,57.092226279399,12.1710087035138,-34.6897596066171,False,143.90777372060072,200.99999999999972
2011-06-20,160.272005829289,70.8308775504862,-9.41624844082732,-24.6866349389479,False,126.16912244951376,196.99999999999997
2011-06-27,154.117487034874,84.0922999390343,-2.02597809697608,-36.1838088769319,False,115.90770006096601,200.0000000000003
2011-07-04,147.962968240459,20.0636298480253,-3.31666711389402,-28.70993097459,False,115.93637015197497,136.00000000000028
2011-07-11,146.075854100407,25.8497434674973,33.2949345561188,-27.2205321240229,False,152.1502565325029,178.0000000000002
2011-07-19,144.188739960355,-19.5779604673557,3.77874393440265,-4.38952342740183,False,143.57796046735584,124.00000000000014
2011-07-26,142.301625820303,-44.8405705099344,31.164273066709,-8.62532837707755,False,164.84057050993445,120.00000000000006
2011-08-02,140.414511680251,-45.7003236380811,-2.9865420052906,26.2723539631207,False,163.7003236380811,118.0
2011-08-09,138.527397540199,-62.5940551893889,9.00496105879301,10.0616965903968,False,157.5940551893888,94.9999999999999
2011-08-16,136.640283400147,-101.115385055311,-3.77845837071584,16.2535600258794,False,149.11538505531058,47.99999999999959
2011-08-23,136.315969100425,-69.046751204713,10.9823517602833,12.7484303440043,False,160.04675120471262,90.99999999999962
2011-08-30,135.991654800704,-94.4198599442606,-23.6256622405563,49.0538673841133,False,161.419859944261,67.0000000000004
2011-09-06,135.667340500982,-72.0598993008546,-2.29726387447544,-0.310177325651638,False,133.0598993008549,61.00000000000031
2011-09-13,135.34302620126,-99.0075499558489,1.14453151850708,24.5199922360819,False,161.00754995584896,62.00000000000006
2011-09-20,135.018711901538,-81.7302835197893,11.996623215225,6.71494840302627,False,153.73028351978928,71.99999999999999
2011-09-27,134.694397601816,-99.9078279254601,-15.8906884554198,40.1041187790637,False,158.9078279254599,58.999999999999815
2011-10-04,135.549070629034,-101.722096829795,8.12880716573089,12.0442190350307,False,155.7220968297956,54.00000000000058
2011-10-11,136.403743656251,-69.5150441604325,-23.6672327133327,22.7785332175141,False,135.5150441604324,65.99999999999991
2011-10-18,137.258416683469,-44.0260538751814,-6.9341763640841,2.70181355579706,False,133.02605387518196,89.00000000000057
2011-10-25,138.113089710686,-23.5050838178813,-27.7273158442724,18.1193099514677,False,128.5050838178813,105.00000000000001
2011-11-01,138.967762737903,40.1162031188171,12.1710087035138,-36.2549745602344,False,114.8837968811824,154.9999999999995
2011-11-08,139.822435765121,51.828853780149,-9.41624844082732,-8.23504110444241,False,122.17114621985128,174.00000000000028
2011-11-15,141.739815976117,99.6599367909502,-2.02597809697608,-23.3737746700912,False,116.34006320904972,215.99999999999991
2011-11-22,143.657196187113,108.477761992227,-3.31666711389402,1.18170893455383,False,141.52223800777278,249.99999999999977
2011-11-29,145.57457639811,89.761050170896,33.2949345561188,-17.6305611251246,False,161.2389498291042,251.0000000000002
2011-12-07,147.491956609106,81.9779128943744,3.77874393440265,-3.24861343788316,False,148.0220871056255,229.9999999999999
2011-12-14,149.409336820102,46.3257220858005,31.164273066709,-29.899331972612,False,150.674277914199,196.9999999999995
2011-12-21,151.326717031099,55.3327639045256,-2.9865420052906,4.32706106966624,False,152.66723609547464,208.00000000000023
2011-12-28,153.134198522292,6.78628609761603,9.00496105879301,22.0745543212993,False,184.2137139023843,191.00000000000034
2012-01-04,154.941680013484,26.6984974778256,-3.77845837071584,31.138280879406,False,182.30150252217416,208.99999999999977
2012-01-11,156.749161504677,1.29007948587889,10.9823517602833,0.97840724916078,False,168.70992051412108,169.99999999999997
2012-01-18,158.55664299587,3.63984024520707,-23.6256622405563,14.4291789994794,False,149.3601597547931,153.00000000000017
2012-01-25,160.364124487062,10.9050938331985,-2.29726387447544,-21.9719544457855,False,136.09490616680108,146.99999999999957
2012-02-01,162.171605978255,-21.2440508577226,1.14453151850708,-10.0720866390397,False,153.24405085772239,131.99999999999977
2012-02-08,162.03945794115,12.6536784502421,11.996623215225,-34.6897596066171,False,139.3463215497579,152.0
2012-02-15,161.907309904045,-4.32998650967707,-15.8906884554198,-24.6866349389479,False,121.3299865096773,117.00000000000023
2012-02-22,161.77516186694,30.2798398442613,8.12880716573089,-36.1838088769319,False,133.720160155739,164.00000000000028
2012-02-29,161.643013829835,20.7341498580881,-23.6672327133327,-28.70993097459,False,109.26585014191231,130.0000000000004
2012-03-07,161.510865792729,61.6438426953777,-6.9341763640841,-27.2205321240229,False,127.356157304622,188.99999999999972
2012-03-14,161.378717755624,24.7381215160499,-27.7273158442724,-4.38952342740183,False,129.26187848394977,153.99999999999966
2012-03-21,159.282994933523,-42.8286752599591,12.1710087035138,-8.62532837707755,False,162.82867525995925,120.00000000000016
2012-03-28,157.187272111421,-51.0433776337147,-9.41624844082732,26.2723539631207,False,174.04337763371439,122.99999999999969
2012-04-04,155.09154928932,13.8727322172594,-2.02597809697608,10.0616965903968,False,163.12726778274072,177.0000000000001
2012-04-11,152.995826467218,-43.9327193792037,-3.31666711389402,16.2535600258794,False,165.93271937920338,121.99999999999969
2012-04-18,150.900103645117,-21.9434685452398,33.2949345561188,12.7484303440043,False,196.9434685452401,175.0000000000003
2012-04-26,148.804380823015,-33.6369921415314,3.77874393440265,49.0538673841133,False,201.63699214153095,167.99999999999955
2012-05-03,146.493020079998,-10.347115821055,31.164273066709,-0.310177325651638,False,177.34711582105535,167.00000000000034
2012-05-10,144.18165933698,-15.7151095677712,-2.9865420052906,24.5199922360819,False,165.71510956777132,150.0000000000001
2012-05-17,141.870298593962,-7.59020805578135,9.00496105879301,6.71494840302627,False,157.59020805578126,149.99999999999991
2012-05-24,139.558937850944,-10.8845982592921,-3.77845837071584,40.1041187790637,False,175.88459825929186,164.99999999999977
2012-05-31,137.247577107927,27.7258520967594,10.9823517602833,12.0442190350307,False,160.274147903241,188.0000000000004
2012-06-07,134.936216364909,59.9109126581334,-23.6256622405563,22.7785332175141,False,134.0890873418668,194.00000000000017
2012-06-14,133.996891217854,44.5985591008242,-2.29726387447544,2.70181355579706,False,134.4014408991756,178.9999999999998
2012-06-21,133.0575660708,31.6785924592258,1.14453151850708,18.1193099514677,False,152.32140754077477,184.00000000000057
2012-06-28,132.118240923745,1.14011042126458,11.996623215225,-36.2549745602344,False,107.85988957873559,109.00000000000017
2012-07-05,131.17891577669,2.9468137831721,-15.8906884554198,-8.23504110444241,False,107.05318621682778,109.99999999999989
2012-07-12,130.239590629636,7.00537687472462,8.12880716573089,-23.3737746700912,False,114.9946231252757,122.00000000000031
2012-07-19,129.300265482581,25.185258296198,-23.6672327133327,1.18170893455383,False,106.81474170380214,132.00000000000014
2012-07-26,131.9133106847,-3.34857319549172,-6.9341763640841,-17.6305611251246,False,107.34857319549131,103.99999999999959
2012-08-02,134.52635588682,15.4495733953357,-27.7273158442724,-3.24861343788316,False,103.55042660466444,119.00000000000014
2012-08-09,137.139401088939,-16.4110778198413,12.1710087035138,-29.899331972612,False,119.4110778198408,102.9999999999995
2012-08-16,139.752446291059,-44.6632589198979,-9.41624844082732,4.32706106966624,False,134.6632589198979,90.00000000000001
2012-08-23,142.365491493178,-84.4140677175017,-2.02597809697608,22.0745543212993,False,162.41406771750124,77.99999999999955
2012-08-30,144.978536695298,-99.8001504608099,-3.31666711389402,31.138280879406,False,172.80015046081,73.00000000000009
2012-09-06,151.769304146255,-84.0426459515344,33.2949345561188,0.97840724916078,False,186.04264595153458,102.00000000000018
2012-09-14,158.560071597212,-104.767994531094,3.77874393440265,14.4291789994794,False,176.76799453109405,72.00000000000004
2012-09-21,165.350839048168,-70.5431576690918,31.164273066709,-21.9719544457855,False,174.5431576690915,103.9999999999997
2012-09-28,172.141606499125,-72.0829778547949,-2.9865420052906,-10.0720866390397,False,159.0829778547947,86.9999999999998
2012-10-05,178.932373950082,-78.2475754022579,9.00496105879301,-34.6897596066171,False,153.2475754022579,75.0
2012-10-12,185.723141401039,-69.2580480913751,-3.77845837071584,-24.6866349389479,False,157.25804809137526,88.00000000000016
2012-10-19,193.002071980685,-73.8006148640365,10.9823517602833,-36.1838088769319,False,167.8006148640364,93.99999999999989
2012-10-26,200.281002560331,-51.9454093451851,-23.6256622405563,-28.70993097459,False,147.9454093451847,95.99999999999959
2012-11-02,207.559933139978,-77.0421371414794,-2.29726387447544,-27.2205321240229,False,178.04213714147966,101.00000000000026
2012-11-09,214.838863719624,-82.5938718107293,1.14453151850708,-4.38952342740183,False,211.59387181072924,128.99999999999994
2012-11-16,222.11779429927,-48.4890891374179,11.996623215225,-8.62532837707755,False,225.48908913741747,176.99999999999957
2012-11-23,229.396724878917,-77.7783903866176,-15.8906884554198,26.2723539631207,False,239.7783903866179,162.00000000000028
2012-11-30,234.177390009408,56.6321062344642,8.12880716573089,10.0616965903968,False,252.36789376553568,308.9999999999999
2012-12-07,238.9580551399,-0.544382452446314,-23.6672327133327,16.2535600258794,False,231.5443824524467,231.0000000000004
2012-12-14,243.738720270391,65.4470257496889,-6.9341763640841,12.7484303440043,False,249.55297425031122,315.0000000000001
2012-12-21,248.519385400882,13.1540630592768,-27.7273158442724,49.0538673841133,False,269.8459369407229,282.99999999999966
2012-12-28,253.300050531374,1.83911809076409,12.1710087035138,-0.310177325651638,False,265.1608819092362,267.0000000000003
2013-01-04,258.080715661865,73.8155405428802,-9.41624844082732,24.5199922360819,False,273.18445945711954,346.9999999999998
2013-01-11,258.946563708699,145.364465985251,-2.02597809697608,6.71494840302627,False,263.63553401474917,409.00000000000017
2013-01-18,259.812411755533,200.400136579297,-3.31666711389402,40.1041187790637,False,296.59986342070266,496.99999999999966
2013-01-25,260.678259802367,360.982586606483,33.2949345561188,12.0442190350307,False,306.0174133935165,666.9999999999995
2013-02-02,261.544107849201,352.898614998882,3.77874393440265,22.7785332175141,False,288.10138500111776,640.9999999999998
2013-02-09,262.409955896035,271.723957481459,31.164273066709,2.70181355579706,False,296.2760425185411,568.0000000000001
2013-02-16,263.275803942869,83.5914281109537,-2.9865420052906,18.1193099514677,False,278.40857188904613,361.99999999999983
2013-02-23,259.152100233762,18.0979132676792,9.00496105879301,-36.2549745602344,False,231.90208673232058,249.99999999999977
2013-03-02,255.028396524655,74.9851029505031,-3.77845837071584,-8.23504110444241,False,243.01489704949674,317.99999999999983
2013-03-09,250.904692815548,-7.51326990574006,10.9823517602833,-23.3737746700912,False,238.51326990574012,231.00000000000006
2013-03-16,246.780989106441,32.6629641995616,-23.6256622405563,1.18170893455383,False,224.33703580043854,257.0000000000001
2013-03-23,242.657285397334,-22.7294603977338,-2.29726387447544,-17.6305611251246,False,222.72946039773396,200.00000000000017
2013-03-30,238.533581688227,9.57050023114937,1.14453151850708,-3.24861343788316,False,236.42949976885092,246.00000000000028
2013-04-06,229.741890231757,31.1608185256305,11.996623215225,-29.899331972612,False,211.83918147437,243.0000000000005
2013-04-13,220.950198775287,52.6134286104669,-15.8906884554198,4.32706106966624,False,209.38657138953343,262.00000000000034
2013-04-20,212.158507318817,-96.3618688058472,8.12880716573089,22.0745543212993,False,242.36186880584717,145.99999999999997
2013-04-27,203.366815862347,-39.8378640284203,-23.6672327133327,31.138280879406,False,210.8378640284203,171.0
2013-05-04,194.575124405877,-77.6193552909537,-6.9341763640841,0.97840724916078,False,188.61935529095368,110.99999999999997
2013-05-11,185.783432949407,-75.4852961046142,-27.7273158442724,14.4291789994794,False,172.485296104614,96.9999999999998
2013-05-18,176.367929913711,-42.5669841714395,12.1710087035138,-21.9719544457855,False,166.56698417143932,123.99999999999982
2013-05-25,166.952426878015,-9.46409179814796,-9.41624844082732,-10.0720866390397,False,147.46409179814796,138.0
2013-06-01,157.536923842319,-57.8211861387258,-2.02597809697608,-34.6897596066171,False,120.8211861387258,63.00000000000001
2013-06-08,148.121420806623,-52.1181187537809,-3.31666711389402,-24.6866349389479,False,120.11811875378109,68.0000000000002
2013-06-15,138.705917770927,-51.8170434501137,33.2949345561188,-36.1838088769319,False,135.81704345011389,84.00000000000018
2013-06-23,129.290414735231,-10.3592276950433,3.77874393440265,-28.70993097459,False,104.35922769504364,94.00000000000034
2013-06-30,125.49561230375,-53.4393532464356,31.164273066709,-27.2205321240229,False,129.4393532464361,76.0000000000005
2013-07-07,121.700809872268,-38.3247444395759,-2.9865420052906,-4.38952342740183,False,114.32474443957557,75.99999999999966
2013-07-14,117.906007440787,-63.2856401225025,9.00496105879301,-8.62532837707755,False,118.28564012250246,54.99999999999996
2013-07-21,114.111205009306,-58.6051006017106,-3.77845837071584,26.2723539631207,False,136.60510060171086,78.00000000000026
2013-07-28,110.316402577825,-52.3604509285047,10.9823517602833,10.0616965903968,False,131.3604509285051,79.0000000000004
2013-08-04,106.521600146343,-32.1494979316665,-23.6256622405563,16.2535600258794,False,99.1494979316661,66.9999999999996
2013-08-11,109.19641651393,-54.6475829834585,-2.29726387447544,12.7484303440043,False,119.64758298345886,65.00000000000037
2013-08-18,111.871232881516,-87.0696317841364,1.14453151850708,49.0538673841133,False,162.0696317841364,74.99999999999999
2013-08-25,114.546049249102,-42.2324951386755,11.996623215225,-0.310177325651638,False,126.23249513867536,83.99999999999986
2013-09-01,117.220865616688,-63.8501693973506,-15.8906884554198,24.5199922360819,False,125.8501693973501,61.9999999999995
2013-09-08,119.895681984275,-57.7394375530319,8.12880716573089,6.71494840302627,False,134.73943755303216,77.00000000000026
2013-09-15,122.570498351861,-64.007384417592,-23.6672327133327,40.1041187790637,False,139.007384417592,75.0
2013-09-22,128.331557475419,-69.4416001463655,-6.9341763640841,12.0442190350307,False,133.4416001463656,64.0000000000001
2013-09-29,134.092616598977,-54.1438339722184,-27.7273158442724,22.7785332175141,False,129.14383397221872,75.00000000000031
2013-10-06,139.853675722534,-70.7264979818454,12.1710087035138,2.70181355579706,False,154.72649798184486,83.99999999999946
2013-10-13,145.614734846092,-75.3177963567327,-9.41624844082732,18.1193099514677,False,154.31779635673237,78.99999999999967
2013-10-20,151.37579396965,-40.0948413124396,-2.02597809697608,-36.2549745602344,False,113.09484131243951,72.99999999999991
2013-10-27,157.136853093208,-65.5851448748715,-3.31666711389402,-8.23504110444241,False,145.58514487487156,80.00000000000006
2013-11-03,162.385160888608,-31.3063207746359,33.2949345561188,-23.3737746700912,False,172.3063207746356,140.9999999999997
2013-11-11,167.633468684009,-3.59392155296499,3.77874393440265,1.18170893455383,False,172.59392155296547,169.00000000000048
2013-11-18,172.881776479409,-26.4154884209932,31.164273066709,-17.6305611251246,False,186.41548842099343,160.00000000000023
2013-11-25,178.130084274809,25.1050711683646,-2.9865420052906,-3.24861343788316,False,171.89492883163524,196.99999999999983
2013-12-02,183.37839207021,83.5159788436097,9.00496105879301,-29.899331972612,False,162.484021156391,246.0000000000007
2013-12-09,188.62669986561,75.8246974354398,-3.77845837071584,4.32706106966624,False,189.17530256456038,265.00000000000017
2013-12-16,192.208213231095,81.734880687322,10.9823517602833,22.0745543212993,False,225.2651193126776,306.9999999999996
2013-12-23,195.789726596581,98.6976547645695,-23.6256622405563,31.138280879406,False,203.30234523543072,302.0000000000002
2013-12-30,199.371239962066,116.947616663248,-2.29726387447544,0.97840724916078,False,198.05238333675135,314.9999999999993
2014-01-06,202.952753327552,92.4735361544619,1.14453151850708,14.4291789994794,False,218.52646384553847,311.00000000000034
2014-01-13,206.534266693037,99.4410645375234,11.996623215225,-21.9719544457855,False,196.5589354624765,295.9999999999999
2014-01-20,210.115780058523,137.846995035937,-15.8906884554198,-10.0720866390397,False,184.15300496406348,322.00000000000045
2014-01-27,211.665095601408,110.895856839478,8.12880716573089,-34.6897596066171,False,185.1041431605218,295.9999999999998
2014-02-03,213.214411144293,93.1394565079872,-23.6672327133327,-24.6866349389479,False,164.8605434920124,257.9999999999996
2014-02-10,214.763726687179,52.3542585538376,-6.9341763640841,-36.1838088769319,False,171.64574144616302,224.00000000000063
2014-02-17,216.313042230064,89.1242045887985,-27.7273158442724,-28.70993097459,False,159.8757954112016,249.0000000000001
2014-02-24,217.862357772949,22.1871656475598,12.1710087035138,-27.2205321240229,False,202.8128343524399,224.9999999999997
2014-03-03,219.411673315835,-13.6059014476054,-9.41624844082732,-4.38952342740183,False,205.60590144760585,192.00000000000045
2014-03-10,217.781129827029,-34.1298233529751,-2.02597809697608,-8.62532837707755,False,207.12982335297536,173.00000000000026
2014-03-17,216.150586338223,-52.1062731874495,-3.31666711389402,26.2723539631207,False,239.1062731874497,187.00000000000017
2014-03-24,214.520042849417,-61.8766739959325,33.2949345561188,10.0616965903968,False,257.8766739959326,196.0000000000001
2014-04-01,212.889499360611,-16.9218033208932,3.77874393440265,16.2535600258794,False,232.92180332089305,215.99999999999986
2014-04-08,211.258955871805,-41.1716592825183,31.164273066709,12.7484303440043,False,255.1716592825183,214.0
2014-04-15,209.628412382999,-67.695737761822,-2.9865420052906,49.0538673841133,False,255.6957377618217,187.99999999999972
2014-04-22,206.185421549429,-26.8802052825703,9.00496105879301,-0.310177325651638,False,214.8802052825704,188.00000000000009
2014-04-29,202.742430715859,-8.48396458122457,-3.77845837071584,24.5199922360819,False,223.48396458122505,215.00000000000048
2014-05-06,199.299439882288,-41.9967400455977,10.9823517602833,6.71494840302627,False,216.99674004559756,174.99999999999986
2014-05-13,195.856449048718,-40.3349055872253,-23.6256622405563,40.1041187790637,False,212.3349055872254,172.00000000000009
2014-05-20,192.413458215147,-21.1604133757027,-2.29726387447544,12.0442190350307,False,202.16041337570226,180.99999999999957
2014-05-27,188.970467381577,-35.8935321175982,1.14453151850708,22.7785332175141,False,212.8935321175982,177.0
2014-06-03,188.105426418947,-28.8038631899692,11.996623215225,2.70181355579706,False,202.80386318996904,173.99999999999983
2014-06-10,187.240385456317,29.5309930476348,-15.8906884554198,18.1193099514677,False,189.4690069523649,218.99999999999972
2014-06-17,186.375344493687,22.7508229008161,8.12880716573089,-36.2549745602344,False,158.2491770991835,180.9999999999996
2014-06-24,185.510303531057,37.3919702867178,-23.6672327133327,-8.23504110444241,False,153.6080297132819,190.9999999999997
2014-07-01,184.645262568428,43.6626884657479,-6.9341763640841,-23.3737746700912,False,154.3373115342527,198.0000000000006
2014-07-08,183.780221605798,12.7653853039208,-27.7273158442724,1.18170893455383,False,157.23461469607943,170.00000000000023
2014-07-15,187.234226936253,-3.77467451464278,12.1710087035138,-17.6305611251246,False,181.77467451464221,177.99999999999943
2014-07-22,190.688232266709,-19.0233703879989,-9.41624844082732,-3.24861343788316,False,178.02337038799854,158.99999999999963
2014-07-29,194.142237597165,-9.2169275275773,-2.02597809697608,-29.899331972612,False,162.21692752757693,152.99999999999963
2014-08-05,197.596242927621,-18.6066368833933,-3.31666711389402,4.32706106966624,False,198.60663688339324,179.99999999999994
2014-08-12,201.050248258077,-86.4197371354951,33.2949345561188,22.0745543212993,False,256.4197371354951,170.0
2014-08-20,204.504253588533,-82.4212784023414,3.77874393440265,31.138280879406,False,239.42127840234167,157.00000000000028
2014-08-27,209.726221878647,-72.8689021945167,31.164273066709,0.97840724916078,False,241.8689021945168,169.0000000000001
2014-09-03,214.948190168761,-67.39082716295,-2.9865420052906,14.4291789994794,False,226.3908271629498,158.99999999999977
2014-09-10,220.170158458875,-83.2031650718829,9.00496105879301,-21.9719544457855,False,207.2031650718825,123.99999999999959
2014-09-17,225.392126748989,-64.5415817392339,-3.77845837071584,-10.0720866390397,False,211.54158173923346,146.99999999999955
2014-09-24,230.614095039104,-95.9066871927697,10.9823517602833,-34.6897596066171,False,206.9066871927702,111.0000000000005
2014-10-01,235.836063329218,-51.5237661497135,-23.6256622405563,-24.6866349389479,False,187.52376614971382,136.0000000000003
2014-10-08,240.46781295369,-38.9867402022822,-2.29726387447544,-36.1838088769319,False,201.98674020228265,163.00000000000045
2014-10-15,245.099562578162,-3.53416312207881,1.14453151850708,-28.70993097459,False,217.53416312207906,214.00000000000026
2014-10-22,249.731312202634,-6.50740329383575,11.996623215225,-27.2205321240229,False,234.5074032938361,228.00000000000034
2014-10-29,254.363061827106,17.917150055716,-15.8906884554198,-4.38952342740183,False,234.08284994428436,252.00000000000037
2014-11-05,258.994811451578,27.5017097597689,8.12880716573089,-8.62532837707755,False,258.49829024023137,286.0000000000003
2014-11-12,263.62656107605,35.7683176741621,-23.6672327133327,26.2723539631207,False,266.231682325838,302.0000000000001
2014-11-19,267.2179714947,10.6545082789875,-6.9341763640841,10.0616965903968,False,270.3454917210127,281.0000000000002
2014-11-26,270.80938191335,50.664373905043,-27.7273158442724,16.2535600258794,False,259.33562609495704,310.00000000000006
2014-12-03,274.400792332,71.6797686204819,12.1710087035138,12.7484303440043,False,299.3202313795181,371.0
2014-12-10,277.99220275065,97.3701783060637,-9.41624844082732,49.0538673841133,False,317.629821693936,414.99999999999966
2014-12-17,281.5836131693,101.752542253327,-2.02597809697608,-0.310177325651638,False,279.2474577466723,380.9999999999993
2014-12-24,285.17502358795,74.6216512898616,-3.31666711389402,24.5199922360819,False,306.3783487101379,380.99999999999955
2014-12-31,287.756442849282,153.233674191573,33.2949345561188,6.71494840302627,False,327.76632580842704,481.0
2015-01-08,290.337862110614,70.7792751759195,3.77874393440265,40.1041187790637,False,334.2207248240804,404.9999999999999
2015-01-15,292.919281371946,51.872226526314,31.164273066709,12.0442190350307,False,336.1277734736857,387.9999999999997
2015-01-22,295.500700633278,26.7073081544983,-2.9865420052906,22.7785332175141,False,315.29269184550145,341.9999999999998
2015-01-29,298.08211989461,57.2111054907996,9.00496105879301,2.70181355579706,False,309.7888945092001,366.99999999999966
2015-02-05,300.663539155942,25.995609263306,-3.77845837071584,18.1193099514677,False,315.00439073669384,340.99999999999983
2015-02-12,301.000315885548,8.2723069144028,10.9823517602833,-36.2549745602344,False,275.7276930855969,283.9999999999997
2015-02-19,301.337092615154,21.5236107298446,-23.6256622405563,-8.23504110444241,False,269.4763892701553,290.99999999999994
2015-02-26,301.67386934476,-12.0028308001934,-2.29726387447544,-23.3737746700912,False,276.00283080019335,263.99999999999994
2015-03-05,302.010646074366,-77.3368865274269,1.14453151850708,1.18170893455383,False,304.3368865274269,227.0
2015-03-12,302.347422803972,19.2865151059277,11.996623215225,-17.6305611251246,False,296.7134848940724,316.0000000000001
2015-03-19,302.684199533578,-12.5448976402749,-15.8906884554198,-3.24861343788316,False,283.54489764027505,271.00000000000017
2015-03-26,300.759586383105,-41.9890615762232,8.12880716573089,-29.899331972612,False,278.9890615762239,237.00000000000068
2015-04-02,298.834973232631,-64.4948015889647,-23.6672327133327,4.32706106966624,False,279.49480158896455,214.99999999999983
2015-04-09,296.910360082158,-44.050738039373,-6.9341763640841,22.0745543212993,False,312.0507380393732,268.00000000000017
2015-04-16,294.985746931684,-64.3967119668182,-27.7273158442724,31.138280879406,False,298.3967119668176,233.99999999999937
2015-04-23,293.061133781211,-85.2105497338856,12.1710087035138,0.97840724916078,False,306.2105497338856,221.0
2015-04-30,291.136520630738,-0.149451189389822,-9.41624844082732,14.4291789994794,False,296.1494511893901,296.0000000000003
2015-05-07,289.558141465115,-55.5602089223536,-2.02597809697608,-21.9719544457855,False,265.5602089223534,209.9999999999998
2015-05-14,287.979762299493,-11.5910085465592,-3.31666711389402,-10.0720866390397,False,274.5910085465593,263.0000000000001
2015-05-21,286.40138313387,23.9934419166278,33.2949345561188,-34.6897596066171,False,285.0065580833717,308.9999999999995
2015-05-29,284.823003968248,29.0848870362972,3.77874393440265,-24.6866349389479,False,263.9151129637027,292.9999999999999
2015-06-05,283.244624802626,48.7749110075973,31.164273066709,-36.1838088769319,False,278.2250889924031,327.00000000000034
2015-06-12,281.666245637003,67.0302273428772,-2.9865420052906,-28.70993097459,False,249.96977265712238,316.99999999999955
2015-06-19,283.049737036801,45.1658340284285,9.00496105879301,-27.2205321240229,False,264.8341659715711,309.9999999999996
2015-06-26,284.433228436599,71.7347533615184,-3.77845837071584,-4.38952342740183,False,276.2652466384813,347.9999999999997
2015-07-03,285.816719836397,11.8262567803969,10.9823517602833,-8.62532837707755,False,288.1737432196027,299.9999999999996
2015-07-10,287.200211236195,4.15309704124019,-23.6256622405563,26.2723539631207,False,289.8469029587594,293.9999999999996
2015-07-17,288.583702635993,-50.3481353519146,-2.29726387447544,10.0616965903968,False,296.3481353519144,245.99999999999977
2015-07-24,289.967194035791,11.6347144198222,1.14453151850708,16.2535600258794,False,307.3652855801775,318.9999999999997
2015-07-31,293.947964371379,-15.6930179306085,11.996623215225,12.7484303440043,False,318.6930179306083,302.9999999999998
2015-08-07,297.928734706967,-87.0919136356604,-15.8906884554198,49.0538673841133,False,331.09191363566055,244.00000000000014
2015-08-14,301.909505042555,-43.7281348826343,8.12880716573089,-0.310177325651638,False,309.72813488263427,265.99999999999994
2015-08-21,305.890275378143,-39.7430349008921,-23.6672327133327,24.5199922360819,False,306.74303490089216,267.00000000000006
2015-08-28,309.871045713731,-73.6518177526729,-6.9341763640841,6.71494840302627,False,309.6518177526732,236.00000000000028
2015-09-04,313.851816049319,-49.2286189841097,-27.7273158442724,40.1041187790637,False,326.22861898411026,277.00000000000057
2015-09-11,319.115715693026,-66.3309434315709,12.1710087035138,12.0442190350307,False,343.3309434315705,276.9999999999996
2015-09-18,324.379615336734,-53.7419001134209,-9.41624844082732,22.7785332175141,False,337.7419001134208,283.9999999999999
2015-09-25,329.643514980442,-116.319350439263,-2.02597809697608,2.70181355579706,False,330.31935043926296,213.99999999999994
2015-10-02,334.907414624149,-56.710057461723,-3.31666711389402,18.1193099514677,False,349.71005746172267,292.99999999999966
2015-10-09,340.171314267857,-44.2112742637414,33.2949345561188,-36.2549745602344,False,337.21127426374136,292.99999999999994
2015-10-17,345.435213911565,-0.978916741524756,3.77874393440265,-8.23504110444241,False,340.9789167415252,340.00000000000045
2015-10-24,350.933890473626,-30.7243888702433,31.164273066709,-23.3737746700912,False,358.7243888702438,328.0000000000005
2015-10-31,356.432567035687,10.37226603505,-2.9865420052906,1.18170893455383,False,354.6277339649502,365.0000000000002
2015-11-07,361.931243597748,19.6943564685838,9.00496105879301,-17.6305611251246,False,353.3056435314164,373.0000000000002
2015-11-14,367.429920159809,30.5971516487901,-3.77845837071584,-3.24861343788316,False,360.40284835121,391.0000000000001
2015-11-21,372.92859672187,37.9883834904588,10.9823517602833,-29.899331972612,False,354.0116165095413,392.0000000000001
2015-11-28,378.427273283931,-0.128672113040921,-23.6256622405563,4.32706106966624,False,359.128672113041,359.00000000000006
2015-12-05,382.38478692351,-1.16207737033437,-2.29726387447544,22.0745543212993,False,402.16207737033386,400.9999999999995
2015-12-12,386.34230056309,4.37488703899709,1.14453151850708,31.138280879406,False,418.6251129610031,423.00000000000017
2015-12-19,390.299814202669,11.725155332945,11.996623215225,0.97840724916078,False,403.27484466705477,414.9999999999998
2015-12-26,394.257327842249,67.2041816136916,-15.8906884554198,14.4291789994794,False,392.7958183863086,460.0000000000002
2016-01-02,398.214841481828,90.6283057982264,8.12880716573089,-21.9719544457855,False,384.3716942017734,474.9999999999998
2016-01-09,402.172355121408,101.566964230965,-23.6672327133327,-10.0720866390397,False,368.43303576903554,470.00000000000057
2016-01-16,403.10726181538,83.5166741553208,-6.9341763640841,-34.6897596066171,False,361.4833258446788,444.9999999999996
2016-01-23,404.042168509353,60.3717822738671,-27.7273158442724,-24.6866349389479,False,351.62821772613273,411.99999999999983
2016-01-30,404.977075203326,96.0357249700924,12.1710087035138,-36.1838088769319,False,380.9642750299079,477.00000000000034
2016-02-06,405.911981897299,42.2141975181187,-9.41624844082732,-28.70993097459,False,367.78580248188166,410.00000000000034
2016-02-13,406.846888591271,65.3996216297275,-2.02597809697608,-27.2205321240229,False,377.60037837027204,442.99999999999955
2016-02-20,407.781795285244,116.924395256052,-3.31666711389402,-4.38952342740183,False,400.0756047439482,517.0000000000002
2016-02-27,404.642286710318,84.688107110641,33.2949345561188,-8.62532837707755,False,429.3118928893592,514.0000000000002
2016-03-06,401.502778135391,67.4461239670854,3.77874393440265,26.2723539631207,False,431.55387603291433,498.9999999999997
2016-03-13,398.363269560465,-1.58923921757054,31.164273066709,10.0616965903968,False,439.5892392175708,438.0000000000003
2016-03-20,395.223760985538,11.509220993873,-2.9865420052906,16.2535600258794,False,408.4907790061268,419.9999999999998
2016-03-27,392.084252410612,35.1623561865912,9.00496105879301,12.7484303440043,False,413.83764381340933,449.0000000000005
2016-04-03,388.944743835685,69.7798471509174,-3.77845837071584,49.0538673841133,False,434.22015284908247,503.9999999999999
2016-04-10,382.407503936935,6.92032162843287,10.9823517602833,-0.310177325651638,False,393.0796783715666,399.9999999999995
2016-04-17,375.870264038186,1.23540596628851,-23.6256622405563,24.5199922360819,False,376.7645940337116,378.0000000000001
2016-04-24,369.333024139436,-99.7507086679872,-2.29726387447544,6.71494840302627,False,373.7507086679868,273.99999999999966
2016-05-01,362.795784240687,-44.0444345382575,1.14453151850708,40.1041187790637,False,404.04443453825775,360.0000000000002
2016-05-08,356.258544341937,-111.299386592193,11.996623215225,12.0442190350307,False,380.2993865921927,268.9999999999997
2016-05-15,349.721304443188,-44.6091492052818,-15.8906884554198,22.7785332175141,False,356.6091492052823,312.00000000000045
2016-05-22,343.4718180154,43.6975612630717,8.12880716573089,2.70181355579706,False,354.30243873692797,397.99999999999966
2016-05-29,337.222331587613,75.3255911742522,-23.6672327133327,18.1193099514677,False,331.674408825748,407.0000000000002
2016-06-05,330.972845159826,74.2163057644929,-6.9341763640841,-36.2549745602344,False,287.78369423550754,362.00000000000045
2016-06-12,324.723358732038,-29.7610017833233,-27.7273158442724,-8.23504110444241,False,288.7610017833232,258.9999999999999
2016-06-19,318.473872304251,19.7288936623265,12.1710087035138,-23.3737746700912,False,307.27110633767364,327.0000000000001
2016-06-26,312.224385876463,-9.98984637018992,-9.41624844082732,1.18170893455383,False,303.98984637018947,293.99999999999955
2016-07-03,309.502227647196,34.1543115749044,-2.02597809697608,-17.6305611251246,False,289.8456884250953,323.9999999999997
2016-07-10,306.780069417929,-23.2147888661519,-3.31666711389402,-3.24861343788316,False,300.2147888661518,276.99999999999994
2016-07-17,304.057911188662,-44.4535137721684,33.2949345561188,-29.899331972612,False,307.4535137721688,263.0000000000004
2016-07-25,301.335752959395,-46.4415579634636,3.77874393440265,4.32706106966624,False,309.4415579634639,263.0000000000003
2016-08-01,298.613594730128,-64.8524221181359,31.164273066709,22.0745543212993,False,351.8524221181363,287.0000000000004
2016-08-08,295.89143650086,-80.0431753749759,-2.9865420052906,31.138280879406,False,324.04317537497536,243.99999999999946
2016-08-15,294.454266118217,-102.437634426171,9.00496105879301,0.97840724916078,False,304.4376344261708,201.9999999999998
2016-08-22,293.017095735574,-105.667816364338,-3.77845837071584,14.4291789994794,False,303.66781636433757,197.99999999999957
2016-08-29,291.579925352931,-73.5903226674288,10.9823517602833,-21.9719544457855,False,280.59032266742884,207.00000000000006
2016-09-05,290.142754970288,-48.4450060906918,-23.6256622405563,-10.0720866390397,False,256.445006090692,208.0000000000002
2016-09-12,288.705584587645,-19.718561106552,-2.29726387447544,-34.6897596066171,False,251.71856110655244,232.00000000000045
2016-09-19,287.268414205001,-97.7263107845605,1.14453151850708,-24.6866349389479,False,263.7263107845602,165.99999999999972
2016-09-26,286.203512578478,-57.016326916771,11.996623215225,-36.1838088769319,False,262.0163269167711,205.0000000000001
2016-10-03,285.138610951955,-47.5379915219447,-15.8906884554198,-28.70993097459,False,240.5379915219452,193.0000000000005
2016-10-10,284.073709325431,-77.9819843671391,8.12880716573089,-27.2205321240229,False,264.98198436713903,186.99999999999994
2016-10-17,283.008807698908,-73.9520515581732,-23.6672327133327,-4.38952342740183,False,254.95205155817348,181.00000000000028
2016-10-24,281.943906072384,-74.3844013312226,-6.9341763640841,-8.62532837707755,False,266.3844013312223,191.99999999999972
2016-10-31,280.879004445861,-55.4240425647093,-27.7273158442724,26.2723539631207,False,279.42404256470934,224.00000000000003
2016-11-07,279.961942701537,-56.1946479954478,12.1710087035138,10.0616965903968,False,302.1946479954476,245.9999999999998
2016-11-14,279.044880957213,-50.8821925422656,-9.41624844082732,16.2535600258794,False,285.8821925422651,234.9999999999995
2016-11-21,278.12781921289,-45.850271459918,-2.02597809697608,12.7484303440043,False,288.85027145991825,243.00000000000026
2016-12-31,278.12781921289,,3.77874393440265,4.32706106966624,True,286.2336242169589,
2017-01-31,278.12781921289,,31.164273066709,22.0745543212993,True,331.3666466008983,
2017-02-28,278.12781921289,,-2.9865420052906,31.138280879406,True,306.2795580870054,
2017-03-31,278.12781921289,,9.00496105879301,0.97840724916078,True,288.1111875208438,
2017-04-30,278.12781921289,,-3.77845837071584,14.4291789994794,True,288.7785398416536,
2017-05-31,278.12781921289,,10.9823517602833,-21.9719544457855,True,267.13821652738784,
2017-06-30,278.12781921289,,-23.6256622405563,-10.0720866390397,True,244.43007033329403,
2017-07-31,278.12781921289,,-2.29726387447544,-34.6897596066171,True,241.14079573179748,
2017-08-31,278.12781921289,,1.14453151850708,-24.6866349389479,True,254.5857157924492,
2017-09-30,278.12781921289,,11.996623215225,-36.1838088769319,True,253.9406335511831,
2017-10-31,278.12781921289,,-15.8906884554198,-28.70993097459,True,233.52719978288022,
2017-11-30,278.12781921289,,8.12880716573089,-27.2205321240229,True,259.036094254598,
2017-12-31,278.12781921289,,-23.6672327133327,-4.38952342740183,True,250.07106307215548,
2018-01-31,278.12781921289,,-6.9341763640841,-8.62532837707755,True,262.56831447172834,
2018-02-28,278.12781921289,,-27.7273158442724,26.2723539631207,True,276.6728573317383,
2018-03-31,278.12781921289,,12.1710087035138,10.0616965903968,True,300.36052450680063,
2018-04-30,278.12781921289,,-9.41624844082732,16.2535600258794,True,284.9651307979421,
2018-05-31,278.12781921289,,-2.02597809697608,12.7484303440043,True,288.85027145991825,
2018-06-30,278.12781921289,,-3.31666711389402,49.0538673841133,True,323.8650194831093,
2018-07-31,278.12781921289,,33.2949345561188,-0.310177325651638,True,311.11257644335717,
2018-08-31,278.12781921289,,3.77874393440265,24.5199922360819,True,306.4265553833746,
2018-09-30,278.12781921289,,31.164273066709,6.71494840302627,True,316.0070406826253,
2018-10-31,278.12781921289,,-2.9865420052906,40.1041187790637,True,315.2453959866631,
2018-11-30,278.12781921289,,9.00496105879301,12.0442190350307,True,299.1769993067137,
2018-12-31,278.12781921289,,-3.77845837071584,22.7785332175141,True,297.1278940596883,
2019-01-31,278.12781921289,,10.9823517602833,2.70181355579706,True,291.81198452897036,
2019-02-28,278.12781921289,,-23.6256622405563,18.1193099514677,True,272.6214669238014,
2019-03-31,278.12781921289,,-2.29726387447544,-36.2549745602344,True,239.57558077818018,
2019-04-30,278.12781921289,,1.14453151850708,-8.23504110444241,True,271.0373096269547,
2019-05-31,278.12781921289,,11.996623215225,-23.3737746700912,True,266.75066775802384,
2019-06-30,278.12781921289,,-15.8906884554198,1.18170893455383,True,263.41883969202405,
2019-07-31,278.12781921289,,8.12880716573089,-17.6305611251246,True,268.62606525349634,
2019-08-31,278.12781921289,,-23.6672327133327,-3.24861343788316,True,251.21197306167414,
2019-09-30,278.12781921289,,-6.9341763640841,-29.899331972612,True,241.29431087619392,
2019-10-31,278.12781921289,,-27.7273158442724,4.32706106966624,True,254.72756443828385,
2019-11-30,278.12781921289,,12.1710087035138,22.0745543212993,True,312.37338223770314,
2019-12-31,278.12781921289,,-9.41624844082732,31.138280879406,True,299.8498516514687,
2020-01-31,278.12781921289,,-2.02597809697608,0.97840724916078,True,277.08024836507474,
2020-02-29,278.12781921289,,-3.31666711389402,14.4291789994794,True,289.2403310984754,
2020-03-31,278.12781921289,,33.2949345561188,-21.9719544457855,True,289.4507993232233,
2020-04-30,278.12781921289,,3.77874393440265,-10.0720866390397,True,271.834476508253,
2020-05-31,278.12781921289,,31.164273066709,-34.6897596066171,True,274.6023326729819,
2020-06-30,278.12781921289,,-2.9865420052906,-24.6866349389479,True,250.45464226865153,
2020-07-31,278.12781921289,,9.00496105879301,-36.1838088769319,True,250.94897139475114,
2020-08-31,278.12781921289,,-3.77845837071584,-28.70993097459,True,245.63942986758417,
2020-09-30,278.12781921289,,10.9823517602833,-27.2205321240229,True,261.8896388491504,
2020-10-31,278.12781921289,,-23.6256622405563,-4.38952342740183,True,250.1126335449319,
2020-11-30,278.12781921289,,-2.29726387447544,-8.62532837707755,True,267.205226961337,
2020-12-31,278.12781921289,,1.14453151850708,26.2723539631207,True,305.5447046945178,
2021-01-31,278.12781921289,,11.996623215225,10.0616965903968,True,300.1861390185118,
2021-02-28,278.12781921289,,-15.8906884554198,16.2535600258794,True,278.49069078334963,
2021-03-31,278.12781921289,,8.12880716573089,12.7484303440043,True,299.0050567226252,
2021-04-30,278.12781921289,,-23.6672327133327,49.0538673841133,True,303.5144538836706,
2021-05-31,278.12781921289,,-6.9341763640841,-0.310177325651638,True,270.88346552315426,
2021-06-30,278.12781921289,,-27.7273158442724,24.5199922360819,True,274.9204956046995,
2021-07-31,278.12781921289,,12.1710087035138,6.71494840302627,True,297.01377631943006,
2021-08-31,278.12781921289,,-9.41624844082732,40.1041187790637,True,308.8156895511264,
2021-09-30,278.12781921289,,-2.02597809697608,12.0442190350307,True,288.14606015094466,
2021-10-31,278.12781921289,,-3.31666711389402,22.7785332175141,True,297.5896853165101,
2021-11-30,278.12781921289,,33.2949345561188,2.70181355579706,True,314.12456732480587,
2021-12-31,278.12781921289,,3.77874393440265,18.1193099514677,True,300.02587309876037,
2022-01-31,278.12781921289,,31.164273066709,-36.2549745602344,True,273.03711771936463,
2022-02-28,278.12781921289,,-2.9865420052906,-8.23504110444241,True,266.906236103157,
2022-03-31,278.12781921289,,9.00496105879301,-23.3737746700912,True,263.7590056015918,
2022-04-30,278.12781921289,,-3.77845837071584,1.18170893455383,True,275.53106977672803,
2022-05-31,278.12781921289,,10.9823517602833,-17.6305611251246,True,271.4796098480487,
2022-06-30,278.12781921289,,-23.6256622405563,-3.24861343788316,True,251.25354353445056,
2022-07-31,278.12781921289,,-2.29726387447544,-29.899331972612,True,245.93122336580257,
2022-08-31,278.12781921289,,1.14453151850708,4.32706106966624,True,283.59941180106335,
2022-09-30,278.12781921289,,11.996623215225,22.0745543212993,True,312.19899674941433,
2022-10-31,278.12781921289,,-15.8906884554198,31.138280879406,True,293.3754116368762,
2022-11-30,278.12781921289,,8.12880716573089,0.97840724916078,True,287.23503362778166,
2022-12-31,278.12781921289,,-23.6672327133327,14.4291789994794,True,268.88976549903674,
2023-01-31,278.12781921289,,-6.9341763640841,-21.9719544457855,True,249.2216884030204,
2023-02-28,278.12781921289,,-27.7273158442724,-10.0720866390397,True,240.32841672957792,
2023-03-31,278.12781921289,,12.1710087035138,-34.6897596066171,True,255.60906830978672,
2023-04-30,278.12781921289,,-9.41624844082732,-24.6866349389479,True,244.0249358331148,
2023-05-31,278.12781921289,,-2.02597809697608,-36.1838088769319,True,239.91803223898205,
2023-06-30,278.12781921289,,-3.31666711389402,-28.70993097459,True,246.10122112440598,
2023-07-31,278.12781921289,,33.2949345561188,-27.2205321240229,True,284.2022216449859,
2023-08-31,278.12781921289,,3.77874393440265,-4.38952342740183,True,277.5170397198908,
2023-09-30,278.12781921289,,31.164273066709,-8.62532837707755,True,300.66676390252144,
2023-10-31,278.12781921289,,-2.9865420052906,26.2723539631207,True,301.4136311707201,
2023-11-30,278.12781921289,,9.00496105879301,10.0616965903968,True,297.1944768620798,
2023-12-31,278.12781921289,,-3.77845837071584,16.2535600258794,True,290.60292086805356,
2024-01-31,278.12781921289,,10.9823517602833,12.7484303440043,True,301.8586013171776,
2024-02-29,278.12781921289,,-23.6256622405563,49.0538673841133,True,303.55602435644704,
2024-03-31,278.12781921289,,-2.29726387447544,-0.310177325651638,True,275.52037801276293,
2024-04-30,278.12781921289,,1.14453151850708,24.5199922360819,True,303.792342967479,
2024-05-31,278.12781921289,,11.996623215225,6.71494840302627,True,296.83939083114126,
2024-06-30,278.12781921289,,-15.8906884554198,40.1041187790637,True,302.3412495365339,
2024-07-31,278.12781921289,,8.12880716573089,12.0442190350307,True,298.3008454136516,
2024-08-31,278.12781921289,,-23.6672327133327,22.7785332175141,True,277.2391197170714,
2024-09-30,278.12781921289,,-6.9341763640841,2.70181355579706,True,273.89545640460295,
2024-10-31,278.12781921289,,-27.7273158442724,18.1193099514677,True,268.5198133200853,
2024-11-30,278.12781921289,,12.1710087035138,-36.2549745602344,True,254.04385335616942,
2024-12-31,278.12781921289,,-9.41624844082732,-8.23504110444241,True,260.4765296676203,
2025-01-31,278.12781921289,,-2.02597809697608,-23.3737746700912,True,252.72806644582275,
2025-02-28,278.12781921289,,-3.31666711389402,1.18170893455383,True,275.99286103354984,
2025-03-31,278.12781921289,,33.2949345561188,-17.6305611251246,True,293.7921926438842,
2025-04-30,278.12781921289,,3.77874393440265,-3.24861343788316,True,278.6579497094095,
2025-05-31,278.12781921289,,31.164273066709,-29.899331972612,True,279.39276030698704,
2025-06-30,278.12781921289,,-2.9865420052906,4.32706106966624,True,279.4683382772657,
2025-07-31,278.12781921289,,9.00496105879301,22.0745543212993,True,309.2073345929823,
2025-08-31,278.12781921289,,-3.77845837071584,31.138280879406,True,305.4876417215802,
2025-09-30,278.12781921289,,10.9823517602833,0.97840724916078,True,290.0885782223341,
2025-10-31,278.12781921289,,-23.6256622405563,14.4291789994794,True,268.9313359718131,
2025-11-30,278.12781921289,,-2.29726387447544,-21.9719544457855,True,253.85860089262908,
2025-12-31,278.12781921289,,1.14453151850708,-10.0720866390397,True,269.2002640923574,
2026-01-31,278.12781921289,,11.996623215225,-34.6897596066171,True,255.43468282149792,
2026-02-28,278.12781921289,,-15.8906884554198,-24.6866349389479,True,237.5504958185223,
2026-03-31,278.12781921289,,8.12880716573089,-36.1838088769319,True,250.072817501689,
2026-04-30,278.12781921289,,-23.6672327133327,-28.70993097459,True,225.75065552496733,
2026-05-31,278.12781921289,,-6.9341763640841,-27.2205321240229,True,243.97311072478303,
2026-06-30,278.12781921289,,-27.7273158442724,-4.38952342740183,True,246.0109799412158,
2026-07-31,278.12781921289,,12.1710087035138,-8.62532837707755,True,281.67349953932626,
2026-08-31,278.12781921289,,-9.41624844082732,26.2723539631207,True,294.9839247351834,
2026-09-30,278.12781921289,,-2.02597809697608,10.0616965903968,True,286.16353770631076,
2026-10-31,278.12781921289,,-3.31666711389402,16.2535600258794,True,291.06471212487537,
2026-11-30,278.12781921289,,33.2949345561188,12.7484303440043,True,324.1711841130131,
2026-12-31,278.12781921289,,3.77874393440265,49.0538673841133,True,330.96043053140596,
2027-01-31,278.12781921289,,31.164273066709,-0.310177325651638,True,308.98191495394735,
2027-02-28,278.12781921289,,-2.9865420052906,24.5199922360819,True,299.6612694436813,
2027-03-31,278.12781921289,,9.00496105879301,6.71494840302627,True,293.8477286747093,
2027-04-30,278.12781921289,,-3.77845837071584,40.1041187790637,True,314.4534796212379,
2027-05-31,278.12781921289,,10.9823517602833,12.0442190350307,True,301.154390008204,
2027-06-30,278.12781921289,,-23.6256622405563,22.7785332175141,True,277.2806901898478,
2027-07-31,278.12781921289,,-2.29726387447544,2.70181355579706,True,278.53236889421163,
2027-08-31,278.12781921289,,1.14453151850708,18.1193099514677,True,297.39166068286477,
2027-09-30,278.12781921289,,11.996623215225,-36.2549745602344,True,253.86946786788062,
2027-10-31,278.12781921289,,-15.8906884554198,-8.23504110444241,True,254.0020896530278,
2027-11-30,278.12781921289,,8.12880716573089,-23.3737746700912,True,262.8828517085297,
2027-12-31,278.12781921289,,-23.6672327133327,1.18170893455383,True,255.64229543411113,
2028-01-31,278.12781921289,,-6.9341763640841,-17.6305611251246,True,253.5630817236813,
2028-02-29,278.12781921289,,-27.7273158442724,-3.24861343788316,True,247.15188993073446,
2028-03-31,278.12781921289,,12.1710087035138,-29.899331972612,True,260.3994959437918,
2028-04-30,278.12781921289,,-9.41624844082732,4.32706106966624,True,273.03863184172894,
2028-05-31,278.12781921289,,-2.02597809697608,22.0745543212993,True,298.1763954372132,
2028-06-30,278.12781921289,,-3.31666711389402,31.138280879406,True,305.949432978402,
2028-07-31,278.12781921289,,33.2949345561188,0.97840724916078,True,312.4011610181696,
2028-08-31,278.12781921289,,3.77874393440265,14.4291789994794,True,296.3357421467721,
2028-09-30,278.12781921289,,31.164273066709,-21.9719544457855,True,287.32013783381353,
2028-10-31,278.12781921289,,-2.9865420052906,-10.0720866390397,True,265.0691905685597,
2028-11-30,278.12781921289,,9.00496105879301,-34.6897596066171,True,252.44302066506592,
2028-12-31,278.12781921289,,-3.77845837071584,-24.6866349389479,True,249.6627259032263,
2029-01-31,278.12781921289,,10.9823517602833,-36.1838088769319,True,252.9263620962414,
2029-02-28,278.12781921289,,-23.6256622405563,-28.70993097459,True,225.7922259977437,
2029-03-31,278.12781921289,,-2.29726387447544,-27.2205321240229,True,248.61002321439167,
2029-04-30,278.12781921289,,1.14453151850708,-4.38952342740183,True,274.88282730399527,
2029-05-31,278.12781921289,,11.996623215225,-8.62532837707755,True,281.49911405103745,
2029-06-30,278.12781921289,,-15.8906884554198,26.2723539631207,True,288.50948472059093,
2029-07-31,278.12781921289,,8.12880716573089,10.0616965903968,True,296.3183229690177,
2029-08-31,278.12781921289,,-23.6672327133327,16.2535600258794,True,270.7141465254367,
2029-09-30,278.12781921289,,-6.9341763640841,12.7484303440043,True,283.9420731928102,
2029-10-31,278.12781921289,,-27.7273158442724,49.0538673841133,True,299.45437075273094,
2029-11-30,278.12781921289,,12.1710087035138,-0.310177325651638,True,289.9886505907522,
2029-12-31,278.12781921289,,-9.41624844082732,24.5199922360819,True,293.2315630081446,
2030-01-31,278.12781921289,,-2.02597809697608,6.71494840302627,True,282.8167895189402,
2030-02-28,278.12781921289,,-3.31666711389402,40.1041187790637,True,314.9152708780597,
2030-03-31,278.12781921289,,33.2949345561188,12.0442190350307,True,323.46697280403953,
2030-04-30,278.12781921289,,3.77874393440265,22.7785332175141,True,304.6850963648068,
2030-05-31,278.12781921289,,31.164273066709,2.70181355579706,True,311.99390583539605,
2030-06-30,278.12781921289,,-2.9865420052906,18.1193099514677,True,293.26058715906714,
2030-07-31,278.12781921289,,9.00496105879301,-36.2549745602344,True,250.87780571144862,
2030-08-31,278.12781921289,,-3.77845837071584,-8.23504110444241,True,266.11431973773176,
2030-09-30,278.12781921289,,10.9823517602833,-23.3737746700912,True,265.73639630308213,
2030-10-31,278.12781921289,,-23.6256622405563,1.18170893455383,True,255.68386590688755,
2030-11-30,278.12781921289,,-2.29726387447544,-17.6305611251246,True,258.19999421329,
2030-12-31,278.12781921289,,1.14453151850708,-3.24861343788316,True,276.02373729351393,
2031-01-31,278.12781921289,,11.996623215225,-29.899331972612,True,260.225110455503,
2031-02-28,278.12781921289,,-15.8906884554198,4.32706106966624,True,266.5641918271365,
2031-03-31,278.12781921289,,8.12880716573089,22.0745543212993,True,308.3311806999202,
2031-04-30,278.12781921289,,-23.6672327133327,31.138280879406,True,285.5988673789633,
2031-05-31,278.12781921289,,-6.9341763640841,0.97840724916078,True,272.1720500979667,
2031-06-30,278.12781921289,,-27.7273158442724,14.4291789994794,True,264.829682368097,
2031-07-31,278.12781921289,,12.1710087035138,-21.9719544457855,True,268.3268734706183,
2031-08-31,278.12781921289,,-9.41624844082732,-10.0720866390397,True,258.639484133023,
2031-09-30,278.12781921289,,-2.02597809697608,-34.6897596066171,True,241.41208150929683,
2031-10-31,278.12781921289,,-3.31666711389402,-24.6866349389479,True,250.1245171600481,
2031-11-30,278.12781921289,,33.2949345561188,-36.1838088769319,True,275.2389448920769,
