date,observation,trend,seasonal53,seasonal128,remainder,is_projected
2010-01-01,258,189.800808900221,126.493640083431,42.1395009128472,-100.433949896499,False
2010-01-08,638,189.757108659213,211.20309141974,83.6803508129381,153.359449108109,False
2010-01-15,639,189.713408418204,182.210982209331,115.39319793401,151.682411438454,False
2010-01-22,670,189.669708177196,162.488163277922,151.12428668482,166.717841860061,False
2010-01-29,572,189.626007936188,122.686961675459,101.239314296809,158.447716091544,False
2010-02-05,570,189.58230769518,129.323975746862,75.5733549832811,175.520361574677,False
2010-02-12,339,189.538607454172,48.215051439911,19.1692028508647,82.0771382550519,False
2010-02-19,298,189.494907213164,18.0638268183556,35.9529966825534,54.4882692859271,False
2010-02-26,342,189.451206972156,46.85822821526,6.86679935725609,98.823765455328,False
2010-03-05,195,189.407506731148,-41.5814658926323,-12.9595656762846,60.1335248377692,False
2010-03-12,144,189.36380649014,22.4517546442848,-98.5711599801331,30.7555988457086,False
2010-03-19,190,189.320106249132,27.0365163978865,-72.8357252287482,46.4791025817302,False
2010-03-26,129,189.276406008123,38.0342831023941,-129.119784090242,30.8090949797245,False
2010-04-02,144,189.232705767115,18.5195910433523,-65.7579646233509,2.00566781288325,False
2010-04-09,193,189.189005526107,15.7185074449116,-71.8061749824702,59.8986620114516,False
2010-04-16,194,189.145305285099,-31.5187531333404,-27.7058791172158,64.079326965457,False
2010-04-23,153,189.101605044091,-57.3539465782956,-18.093636478207,39.3459780124117,False
2010-04-30,119,189.057904803083,-53.6207009884523,-32.9093440525135,16.4721402378829,False
2010-05-07,311,189.014204562075,-41.4656870732005,53.0104106111243,110.441071900002,False
2010-05-14,102,188.970504321067,-40.1844936104456,-59.1899440008876,12.4039332902664,False
2010-05-22,85,188.926804080059,-90.6430150199944,-18.5448353434858,5.26104628342171,False
2010-05-29,87,188.867689353278,-48.14518150377,-76.1253639826911,22.4028561331825,False
2010-06-05,113,188.808574626498,-75.5972356755707,-33.8750605349145,33.6637215839871,False
2010-06-12,62,188.749459899718,-64.9425301294841,-6.03216942827611,-55.7747603419578,False
2010-06-19,42,188.690345172938,-97.9179351580215,-6.77240912596499,-42.0000008889513,False
2010-06-26,85,188.631230446158,-92.9533898117473,37.294852264549,-47.9726928989593,False
2010-07-03,69,188.572115719378,-67.0261516098128,8.53044524281171,-61.0764093523765,False
2010-07-10,84,188.513000992597,-60.9279708264693,-5.90883384282767,-37.6761963233004,False
2010-07-17,93,188.453886265817,-84.1570544421569,39.9563215677619,-51.2531533914224,False
2010-07-24,90,188.394771539037,-110.101395547992,77.9085612183102,-66.2019372093553,False
2010-07-31,84,188.335656812257,-86.7859995056022,67.9872334149064,-85.5368907215612,False
2010-08-07,51,188.276542085477,-145.26421281813,129.564335288417,-121.576664555764,False
2010-08-14,34,188.217427358697,-86.6764700111726,88.1449261006526,-155.685883448177,False
2010-08-21,38,188.158312631917,-91.9797950679872,81.9411819446609,-140.11969950859,False
2010-08-28,38,188.099197905136,-42.9069345815694,-18.1243709773834,-89.0678923461836,False
2010-09-04,85,188.040083178356,-38.4963915250413,-29.5972547999215,-34.9464368533935,False
2010-09-11,51,187.980968451576,-38.007583074131,-22.6326130921887,-76.3407722852563,False
2010-09-18,51,187.921853724796,-87.782177927493,-10.889102740724,-38.250573056579,False
2010-09-25,37,187.862738998016,-111.452379851062,33.0721292564927,-72.4824884034468,False
2010-10-02,38,187.803624271236,-75.3527962763866,-15.2916883358157,-59.1591396590333,False
2010-10-10,52,187.744509544455,-97.647272332968,63.1517489672269,-101.248986178714,False
2010-10-17,49,187.630666699033,-44.1805144930663,-21.1526964153692,-73.2974557905975,False
2010-10-24,59,187.516823853611,-35.0619729843705,11.7721058365536,-105.226956705794,False
2010-10-31,99,187.402981008188,47.3771299406805,-61.3396759063194,-74.4404350425494,False
2010-11-07,93,187.289138162766,30.786082923094,-29.0498155577891,-96.0254055280711,False
2010-11-14,214,187.175295317344,80.5969049802124,-28.7752251035239,-24.9969751940323,False
2010-11-21,261,187.061452471921,48.2234067661406,37.4606655528735,-11.7455247909355,False
2010-11-28,466,186.947609626499,97.5859429444048,117.282391394981,64.1840560341149,False
2010-12-05,522,186.833766781077,95.9123524853972,133.670084619694,105.583796113832,False
2010-12-12,511,186.719923935654,112.670667276256,102.9045731614,108.704835626689,False
2010-12-19,484,186.606081090232,123.716763516449,62.4139968087093,111.26315858461,False
2010-12-26,448,186.49223824481,96.9565794571231,92.2214909517652,72.3296913463018,False
2011-01-02,409,186.378395399387,136.601005701257,34.8018095381258,51.2187893612304,False
2011-01-09,464,186.264552553965,126.493640083431,62.2536299846721,88.9881773779318,False
2011-01-16,469,186.150709708543,211.20309141974,30.2636352096971,41.3825636620197,False
2011-01-23,478,186.03686686312,182.210982209331,62.4456375366415,47.3065133909065,False
2011-01-30,429,185.923024017698,162.488163277922,40.3125482235737,40.2762644808059,False
2011-02-06,328,185.809181172276,122.686961675459,3.56339770834339,15.9404594439218,False
2011-02-13,237,185.695338326853,129.323975746862,-51.8661072908397,-26.153206782876,False
2011-02-20,227,185.581495481431,48.215051439911,-3.36713855898482,-3.42940836235726,False
2011-02-28,274,185.467652636009,18.0638268183556,20.6531095682493,49.8154109773863,False
2011-03-07,200,185.265724639323,46.85822821526,-20.8296345044119,-11.2943183501708,False
2011-03-14,195,185.063796642637,-41.5814658926323,46.9474536227772,4.57021562721846,False
2011-03-21,185,184.86186864595,22.4517546442848,-21.727354116918,-0.586269173317277,False
2011-03-28,180,184.659940649264,27.0365163978865,-19.3884661421397,-12.3079909050111,False
2011-04-04,207,184.458012652578,38.0342831023941,-48.0518328382935,32.5595370833211,False
2011-04-11,186,184.256084655892,18.5195910433523,-39.2974798925796,22.5218041933352,False
2011-04-18,185,184.054156659206,15.7185074449116,-28.6198234564835,13.8471593523658,False
2011-04-25,287,183.85222866252,-31.5187531333404,81.2063391566375,53.4601853141829,False
2011-05-02,285,183.650300665834,-57.3539465782956,70.2111152521817,88.4925306602801,False
2011-05-09,205,183.448372669148,-53.6207009884523,15.4546078284705,59.7177204908343,False
2011-05-16,180,183.246444672462,-41.4656870732005,25.433562708157,12.7856796925818,False
2011-05-23,182,183.044516675776,-40.1844936104456,24.2924081569277,14.8475687777424,False
2011-05-30,77,182.84258867909,-90.6430150199944,-32.03037783826,16.8308041791648,False
2011-06-06,109,182.640660682403,-48.14518150377,-40.2498043169737,14.7543251383403,False
2011-06-13,201,182.438732685717,-75.5972356755707,56.3616013400329,37.7969016498206,False
2011-06-20,197,182.236804689031,-64.9425301294841,44.8989279207684,34.8067975196841,False
2011-06-27,200,182.034876692345,-97.9179351580215,82.1864571493389,33.6966013163371,False
2011-07-04,136,181.832948695659,-92.9533898117473,15.1146357274555,32.0058053886327,False
2011-07-11,178,181.631020698973,-67.0261516098128,46.5444792006737,16.8506517101662,False
2011-07-19,124,181.429092702287,-60.9279708264693,4.29945064829107,-0.800572524108503,False
2011-07-26,120,181.356267822819,-84.1570544421569,11.3140237843692,11.486762834969,False
2011-08-02,118,181.283442943351,-110.101395547992,37.7490145157853,9.06893808885619,False
2011-08-09,95,181.210618063882,-86.7859995056022,-18.689562236688,19.2649436784078,False
2011-08-16,48,181.137793184414,-145.26421281813,-15.296376036234,27.4227956699501,False
2011-08-23,91,181.064968304946,-86.6764700111726,-55.8900225147625,52.501524220989,False
2011-08-30,67,180.992143425478,-91.9797950679872,-47.7427559119436,25.730407554453,False
2011-09-06,61,180.91931854601,-42.9069345815694,-83.457298051504,6.44491408706358,False
2011-09-13,62,180.846493666542,-38.4963915250413,-92.5791711201053,12.229068978605,False
2011-09-20,72,180.773668787073,-38.007583074131,-97.2635187642678,26.4974330513254,False
2011-09-27,59,180.700843907605,-87.782177927493,-45.5023310031074,11.5836650229953,False
2011-10-04,54,180.628019028137,-111.452379851062,-9.85675497803502,-5.31888419904041,False
2011-10-11,66,180.555194148669,-75.3527962763866,-50.8695618212679,11.6671639489857,False
2011-10-18,89,180.482369269201,-97.647272332968,25.1027443706939,-18.9378413069265,False
2011-10-25,105,180.409544389732,-44.1805144930663,-41.3583176813096,10.1292877846433,False
2011-11-01,155,180.336719510264,-35.0619729843705,-29.9234654019565,39.6487188760627,False
2011-11-08,174,180.263894630796,47.3771299406805,-64.5251970463797,10.8841724749032,False
2011-11-15,216,180.191069751328,30.786082923094,-50.0586200383469,55.0814673639249,False
2011-11-22,250,180.11824487186,80.5969049802124,-45.3232906526432,34.6081408005711,False
2011-11-29,251,180.045419992392,48.2234067661406,8.04000559025487,14.691167651213,False
2011-12-07,230,179.972595112923,97.5859429444048,-4.34419629683112,-43.2143417604973,False
2011-12-14,197,179.875765729878,95.9123524853972,-26.8350470770746,-51.953071138201,False
2011-12-21,208,179.778936346833,112.670667276256,-31.3989632015,-53.0506404215892,False
2011-12-28,191,179.682106963788,123.716763516449,-65.6539414286765,-46.74492905156,False
2012-01-04,209,179.585277580742,96.9565794571231,-13.6359220699418,-53.9059349679235,False
2012-01-11,170,179.488448197697,136.601005701257,-71.2983853258062,-74.7910685731474,False
2012-01-18,153,179.391618814652,126.493640083431,-75.6100088066785,-77.2752500914044,False
2012-01-25,147,179.294789431607,211.20309141974,-122.883420623567,-120.61446022778,False
2012-02-01,132,179.197960048561,182.210982209331,-109.490996879785,-119.917945378108,False
2012-02-08,152,179.101130665516,162.488163277922,-95.7031934629083,-93.8861004805301,False
2012-02-15,117,179.004301282471,122.686961675459,-93.3575451383347,-91.3337178195952,False
2012-02-22,164,178.907471899425,129.323975746862,-81.8164759413988,-62.4149717048891,False
2012-02-29,130,178.81064251638,48.215051439911,-53.7388053557701,-43.2868886005212,False
2012-03-07,189,178.713813133335,18.0638268183556,9.06178513074629,-16.8394250824367,False
2012-03-14,154,178.61698375029,46.85822821526,-40.2403059660796,-31.23490599947,False
2012-03-21,120,178.520154367244,-41.5814658926323,-2.02854463304809,-14.9101438415639,False
2012-03-28,123,178.423324984199,22.4517546442848,-51.0862186821643,-26.7888609463195,False
2012-04-04,177,178.326495601154,27.0365163978865,-42.4741294077367,14.1111174086964,False
2012-04-11,122,178.229666218109,38.0342831023941,-88.2566353803625,-6.00731394014022,False
2012-04-18,175,178.132836835063,18.5195910433523,-41.4517532562684,19.7993253778527,False
2012-04-26,168,178.036007452018,15.7185074449116,-19.0428080596722,-6.7117068372574,False
2012-05-03,167,177.710027660259,-31.5187531333404,35.3391394705,-14.5304139974182,False
2012-05-10,150,177.384047868499,-57.3539465782956,62.9678569691273,-32.9979582593309,False
2012-05-17,150,177.05806807674,-53.6207009884523,59.4274622012332,-32.8648292895208,False
2012-05-24,165,176.73208828498,-41.4656870732005,79.3732130862633,-49.6396142980433,False
2012-05-31,188,176.406108493221,-40.1844936104456,52.3752572493002,-0.596872132075589,False
2012-06-07,194,176.080128701462,-90.6430150199944,89.9212670140919,18.6416193044408,False
2012-06-14,179,175.754148909702,-48.14518150377,49.8288186078195,1.56221398624808,False
2012-06-21,184,175.428169117943,-75.5972356755707,42.1395009128472,42.0295656447807,False
2012-06-28,109,175.102189326183,-64.9425301294841,83.6803508129381,-84.8400100096373,False
2012-07-05,110,174.776209534424,-97.9179351580215,115.39319793401,-82.2514723104127,False
2012-07-12,122,174.450229742665,-92.9533898117473,151.12428668482,-110.621126615737,False
2012-07-19,132,174.124249950905,-67.0261516098128,101.239314296809,-76.3374126379009,False
2012-07-26,104,173.798270159146,-60.9279708264693,75.5733549832811,-84.4436543159575,False
2012-08-02,119,173.472290367386,-84.1570544421569,19.1692028508647,10.5155612239059,False
2012-08-09,103,173.146310575627,-110.101395547992,35.9529966825534,4.00208828981181,False
2012-08-16,90,172.820330783868,-86.7859995056022,6.86679935725609,-2.90113063552141,False
2012-08-23,78,172.494350992108,-145.26421281813,-12.9595656762846,63.7294275023067,False
2012-08-30,73,172.168371200349,-86.6764700111726,-98.5711599801331,86.0792587909569,False
2012-09-06,102,171.842391408589,-91.9797950679872,-72.8357252287482,94.9731288881459,False
2012-09-14,72,171.51641161683,-42.9069345815694,-129.119784090242,72.5103070549816,False
2012-09-21,104,171.546235252231,-38.4963915250413,-65.7579646233509,36.7081208961613,False
2012-09-28,87,171.576058887631,-38.007583074131,-71.8061749824702,25.23769916897,False
2012-10-05,75,171.605882523032,-87.782177927493,-27.7058791172158,18.8821745216765,False
2012-10-12,88,171.635706158433,-111.452379851062,-18.093636478207,45.9103101708358,False
2012-10-19,94,171.665529793834,-75.3527962763866,-32.9093440525135,30.5966105350666,False
2012-10-26,96,171.695353429234,-97.647272332968,53.0104106111243,-31.0584917073905,False
2012-11-02,101,171.725177064635,-44.1805144930663,-59.1899440008876,32.6452814293188,False
2012-11-09,129,171.755000700036,-35.0619729843705,-18.5448353434858,10.8518076278206,False
2012-11-16,177,171.784824335436,47.3771299406805,-76.1253639826911,33.9634097065743,False
2012-11-23,162,171.814647970837,30.786082923094,-33.8750605349145,-6.7256703590169,False
2012-11-30,309,171.844471606238,80.5969049802124,-6.03216942827611,62.5907928418256,False
2012-12-07,231,171.874295241639,48.2234067661406,-6.77240912596499,17.6747071181859,False
2012-12-14,315,171.904118877039,97.5859429444048,37.294852264549,8.21508591400686,False
2012-12-21,283,171.93394251244,95.9123524853972,8.53044524281171,6.62325975935113,False
2012-12-28,267,171.963766147841,112.670667276256,-5.90883384282767,-11.7255995812695,False
2013-01-04,347,171.993589783242,123.716763516449,39.9563215677619,11.333325132548,False
2013-01-11,409,172.023413418642,96.9565794571231,77.9085612183102,62.1114459059245,False
2013-01-18,497,172.053237054043,136.601005701257,67.9872334149064,120.358523829794,False
2013-01-25,667,172.083060689444,126.493640083431,129.564335288417,238.858963938709,False
2013-02-02,641,172.112884324844,211.20309141974,88.1449261006526,169.539098154762,False
2013-02-09,568,172.732848964705,182.210982209331,81.9411819446609,131.114986881302,False
2013-02-16,362,173.352813604566,162.488163277922,-18.1243709773834,44.2833940948944,False
2013-02-23,250,173.972778244427,122.686961675459,-29.5972547999215,-17.0624851199651,False
2013-03-02,318,174.592742884288,129.323975746862,-22.6326130921887,36.7158944610378,False
2013-03-09,231,175.212707524149,48.215051439911,-10.889102740724,18.4613437766635,False
2013-03-16,257,175.832672164011,18.0638268183556,33.0721292564927,30.0313717611412,False
2013-03-23,200,176.452636803872,46.85822821526,-15.2916883358157,-8.01917668331581,False
2013-03-30,246,177.072601443733,-41.5814658926323,63.1517489672269,47.3571154816726,False
2013-04-06,243,177.692566083594,22.4517546442848,-21.1526964153692,64.0083756874908,False
2013-04-13,262,178.312530723455,27.0365163978865,11.7721058365536,44.8788470421054,False
2013-04-20,146,178.932495363316,38.0342831023941,-61.3396759063194,-9.62710255939029,False
2013-04-27,171,179.552460003177,18.5195910433523,-29.0498155577891,1.97776451126012,False
2013-05-04,111,180.172424643038,15.7185074449116,-28.7752251035239,-56.1157069844254,False
2013-05-11,97,180.792389282899,-31.5187531333404,37.4606655528735,-89.7343017024317,False
2013-05-18,124,181.41235392276,-57.3539465782956,117.282391394981,-117.340798739445,False
2013-05-25,138,182.032318562621,-53.6207009884523,133.670084619694,-124.081702193862,False
2013-06-01,63,182.652283202482,-41.4656870732005,102.9045731614,-181.091169290681,False
2013-06-08,68,183.272247842343,-40.1844936104456,62.4139968087093,-137.501751040606,False
2013-06-15,84,183.892212482204,-90.6430150199944,92.2214909517652,-101.470688413975,False
2013-06-23,94,184.512177122065,-48.14518150377,34.8018095381258,-77.1688051564207,False
2013-06-30,76,185.227239229513,-75.5972356755707,62.2536299846721,-95.8836335386139,False
2013-07-07,76,185.94230133696,-64.9425301294841,30.2636352096971,-75.2634064171733,False
2013-07-14,55,186.657363444408,-97.9179351580215,62.4456375366415,-96.185065823028,False
2013-07-21,78,187.372425551856,-92.9533898117473,40.3125482235737,-56.7315839636822,False
2013-07-28,79,188.087487659304,-67.0261516098128,3.56339770834339,-45.6247337578342,False
2013-08-04,67,188.802549766751,-60.9279708264693,-51.8661072908397,-9.00847164944213,False
2013-08-11,65,189.517611874199,-84.1570544421569,-3.36713855898482,-36.9934188730573,False
2013-08-18,75,190.232673981647,-110.101395547992,20.6531095682493,-25.7843880019042,False
2013-08-25,84,190.947736089095,-86.7859995056022,-20.8296345044119,0.667897920919472,False
2013-09-01,62,191.662798196542,-145.26421281813,46.9474536227772,-31.3460390011892,False
2013-09-08,77,192.37786030399,-86.6764700111726,-21.727354116918,-6.97403617589967,False
2013-09-15,75,193.092922411438,-91.9797950679872,-19.3884661421397,-6.72466120131091,False
2013-09-22,64,193.807984518886,-42.9069345815694,-48.0518328382935,-38.8492170990228,False
2013-09-29,75,194.523046626333,-38.4963915250413,-39.2974798925796,-41.7291752087125,False
2013-10-06,84,195.238108733781,-38.007583074131,-28.6198234564835,-44.6107022031665,False
2013-10-13,79,195.953170841229,-87.782177927493,81.2063391566375,-110.377332070374,False
2013-10-20,73,196.668232948677,-111.452379851062,70.2111152521817,-82.4269683497967,False
2013-10-27,80,197.383295056124,-75.3527962763866,15.4546078284705,-57.4851066082081,False
2013-11-03,141,198.098357163572,-97.647272332968,25.433562708157,15.1153524612389,False
2013-11-11,169,198.81341927102,-44.1805144930663,24.2924081569277,-9.92531293488116,False
2013-11-18,160,199.574708617066,-35.0619729843705,-32.03037783826,27.517642205564,False
2013-11-25,197,200.335997963113,47.3771299406805,-40.2498043169737,-10.4633235868197,False
2013-12-02,246,201.097287309159,30.786082923094,56.3616013400329,-42.2449715722866,False
2013-12-09,265,201.858576655206,80.5969049802124,44.8989279207684,-62.3544095561867,False
2013-12-16,307,202.619866001253,48.2234067661406,82.1864571493389,-26.0297299167324,False
2013-12-23,302,203.381155347299,97.5859429444048,15.1146357274555,-14.0817340191593,False
2013-12-30,315,204.142444693346,95.9123524853972,46.5444792006737,-31.5992763794165,False
2014-01-06,311,204.903734039392,112.670667276256,4.29945064829107,-10.8738519639396,False
2014-01-13,296,205.665023385439,123.716763516449,11.3140237843692,-44.6958106862564,False
2014-01-20,322,206.426312731485,96.9565794571231,37.7490145157853,-19.1319067043935,False
2014-01-27,296,207.187602077532,136.601005701257,-18.689562236688,-29.0990455421002,False
2014-02-03,258,207.948891423578,126.493640083431,-15.296376036234,-61.1461554707749,False
2014-02-10,224,208.710180769625,211.20309141974,-55.8900225147625,-140.023249674603,False
2014-02-17,249,209.471470115671,182.210982209331,-47.7427559119436,-94.939696413059,False
2014-02-24,225,210.232759461718,162.488163277922,-83.457298051504,-64.2636246881359,False
2014-03-03,192,210.994048807764,122.686961675459,-92.5791711201053,-49.1018393631182,False
2014-03-10,173,211.755338153811,129.323975746862,-97.2635187642678,-70.8157951364054,False
2014-03-17,187,212.516627499857,48.215051439911,-45.5023310031074,-28.2293479366608,False
2014-03-24,196,213.277916845904,18.0638268183556,-9.85675497803502,-25.4849886862244,False
2014-04-01,216,214.03920619195,46.85822821526,-50.8695618212679,5.97212741405741,False
2014-04-08,214,215.253676015605,-41.5814658926323,25.1027443706939,15.2250455063335,False
2014-04-15,188,216.46814583926,22.4517546442848,-41.3583176813096,-9.56158280223477,False
2014-04-22,188,217.682615662914,27.0365163978865,-29.9234654019565,-26.7956666588442,False
2014-04-29,215,218.897085486569,38.0342831023941,-64.5251970463797,22.5938284574168,False
2014-05-06,175,220.111555310223,18.5195910433523,-50.0586200383469,-13.5725263152289,False
2014-05-13,172,221.326025133878,15.7185074449116,-45.3232906526432,-19.7212419261463,False
2014-05-20,181,222.540494957533,-31.5187531333404,8.04000559025487,-18.0617474144472,False
2014-05-27,177,223.754964781187,-57.3539465782956,-4.34419629683112,14.9431780939394,False
2014-06-03,174,224.969434604842,-53.6207009884523,-26.8350470770746,29.4863134606849,False
2014-06-10,219,226.183904428497,-41.4656870732005,-31.3989632015,65.6807458462039,False
2014-06-17,181,227.398374252151,-40.1844936104456,-65.6539414286765,59.4400607869708,False
2014-06-24,191,228.612844075806,-90.6430150199944,-13.6359220699418,66.6660930141303,False
2014-07-01,198,229.82731389946,-48.14518150377,-71.2983853258062,87.6162529301156,False
2014-07-08,170,231.041783723115,-75.5972356755707,-75.6100088066785,90.1654607591339,False
2014-07-15,178,232.25625354677,-64.9425301294841,-122.883420623567,133.569697206282,False
2014-07-22,159,233.470723370424,-97.9179351580215,-109.490996879785,132.938208667382,False
2014-07-29,153,234.685193194079,-92.9533898117473,-95.7031934629083,106.971390080576,False
2014-08-05,180,235.899663017734,-67.0261516098128,-93.3575451383347,104.484033730414,False
2014-08-12,170,237.114132841388,-60.9279708264693,-81.8164759413988,75.6303139264799,False
2014-08-20,157,238.328602665043,-84.1570544421569,-53.7388053557701,56.5672571328842,False
2014-08-27,169,239.858999634318,-110.101395547992,9.06178513074629,30.1806107829275,False
2014-09-03,159,241.389396603593,-86.7859995056022,-40.2403059660796,44.6369088680885,False
2014-09-10,124,242.919793572868,-145.26421281813,-2.02854463304809,28.3729638783101,False
2014-09-17,147,244.450190542144,-86.6764700111726,-51.0862186821643,40.3124981511934,False
2014-09-24,111,245.980587511419,-91.9797950679872,-42.4741294077367,-0.526663035694924,False
2014-10-01,136,247.510984480694,-42.9069345815694,-88.2566353803625,19.6525854812378,False
2014-10-08,163,249.041381449969,-38.4963915250413,-41.4517532562684,-6.09323666865913,False
2014-10-15,214,250.571778419244,-38.007583074131,-19.0428080596722,20.4786127145591,False
2014-10-22,228,252.102175388519,-87.782177927493,35.3391394705,28.3408630684737,False
2014-10-29,252,253.632572357794,-111.452379851062,62.9678569691273,46.8519505241402,False
2014-11-05,286,255.16296932707,-75.3527962763866,59.4274622012332,46.7623647480838,False
2014-11-12,302,256.693366296345,-97.647272332968,79.3732130862633,63.5806929503601,False
2014-11-19,281,258.22376326562,-44.1805144930663,52.3752572493002,14.5814939781461,False
2014-11-26,310,259.754160234895,-35.0619729843705,89.9212670140919,-4.61345426461648,False
2014-12-03,371,261.28455720417,47.3771299406805,49.8288186078195,12.5094942473299,False
2014-12-10,415,262.814954173445,30.786082923094,42.1395009128472,79.2594619906135,False
2014-12-17,381,264.34535114272,80.5969049802124,83.6803508129381,-47.622606935871,False
2014-12-24,381,265.875748111996,48.2234067661406,115.39319793401,-48.4923528121467,False
2014-12-31,481,267.406145081271,97.5859429444048,151.12428668482,-35.1163747104957,False
2015-01-08,405,268.936542050546,95.9123524853972,101.239314296809,-61.0882088327519,False
2015-01-15,388,269.866142079649,112.670667276256,75.5733549832811,-70.1101643391866,False
2015-01-22,342,270.795742108752,123.716763516449,19.1692028508647,-71.6817084760655,False
2015-01-29,367,271.725342137855,96.9565794571231,35.9529966825534,-37.6349182775318,False
2015-02-05,341,272.654942166958,136.601005701257,6.86679935725609,-75.1227472254707,False
2015-02-12,284,273.584542196061,126.493640083431,-12.9595656762846,-103.118616603208,False
2015-02-19,291,274.514142225164,211.20309141974,-98.5711599801331,-96.1460736647718,False
2015-02-26,264,275.443742254268,182.210982209331,-72.8357252287482,-120.81899923485,False
2015-03-05,227,276.373342283371,162.488163277922,-129.119784090242,-82.7417214710509,False
2015-03-12,316,277.302942312474,122.686961675459,-65.7579646233509,-18.2319393645819,False
2015-03-19,271,278.232542341577,129.323975746862,-71.8061749824702,-64.750343105969,False
2015-03-26,237,279.16214237068,48.215051439911,-27.7058791172158,-62.6713146933748,False
2015-04-02,215,280.091742399783,18.0638268183556,-18.093636478207,-65.0619327399314,False
2015-04-09,268,281.021342428886,46.85822821526,-32.9093440525135,-26.9702265916328,False
2015-04-16,234,281.950942457989,-41.5814658926323,53.0104106111243,-59.379887176481,False
2015-04-23,221,282.880542487092,22.4517546442848,-59.1899440008876,-25.1423531304897,False
2015-04-30,296,283.810142516195,27.0365163978865,-18.5448353434858,3.6981764294041,False
2015-05-07,210,284.739742545298,38.0342831023941,-76.1253639826911,-36.6486616650013,False
2015-05-14,263,285.669342574401,18.5195910433523,-33.8750605349145,-7.31387308283945,False
2015-05-21,309,286.598942603505,15.7185074449116,-6.03216942827611,12.71471937986,False
2015-05-29,293,287.528542632608,-31.5187531333404,-6.77240912596499,43.7626196266977,False
2015-06-05,327,287.929447081988,-57.3539465782956,37.294852264549,59.1296472317588,False
2015-06-12,317,288.330351531369,-53.6207009884523,8.53044524281171,73.7599042142718,False
2015-06-19,310,288.731255980749,-41.4656870732005,-5.90883384282767,68.6432649352791,False
2015-06-26,348,289.13216043013,-40.1844936104456,39.9563215677619,59.0960116125542,False
2015-07-03,300,289.53306487951,-90.6430150199944,77.9085612183102,23.201388922174,False
2015-07-10,294,289.933969328891,-48.14518150377,67.9872334149064,-15.776021240027,False
2015-07-17,246,290.334873778271,-75.5972356755707,129.564335288417,-98.3019733911175,False
2015-07-24,319,290.735778227652,-64.9425301294841,88.1449261006526,5.06182580118008,False
2015-07-31,303,291.136682677032,-97.9179351580215,81.9411819446609,27.8400705363284,False
2015-08-07,244,291.537587126413,-92.9533898117473,-18.1243709773834,63.5401736627179,False
2015-08-14,266,291.938491575793,-67.0261516098128,-29.5972547999215,70.6849148339412,False
2015-08-21,267,292.339396025174,-60.9279708264693,-22.6326130921887,58.2211878934846,False
2015-08-28,236,292.740300474554,-84.1570544421569,-10.889102740724,38.3058567083268,False
2015-09-04,277,293.141204923935,-110.101395547992,33.0721292564927,60.8880613675647,False
2015-09-11,277,293.542109373315,-86.7859995056022,-15.2916883358157,85.535578468103,False
2015-09-18,284,293.943013822695,-145.26421281813,63.1517489672269,72.1694500282081,False
2015-09-25,214,294.343918272076,-86.6764700111726,-21.1526964153692,27.4852481544657,False
2015-10-02,293,294.744822721456,-91.9797950679872,11.7721058365536,78.462866509977,False
2015-10-09,293,295.145727170837,-42.9069345815694,-61.3396759063194,102.100883317052,False
2015-10-17,340,295.546631620217,-38.4963915250413,-29.0498155577891,111.999575462613,False
2015-10-24,328,295.776660110538,-38.007583074131,-28.7752251035239,99.0061480671166,False
2015-10-31,365,296.006688600859,-87.782177927493,37.4606655528735,119.31482377376,False
2015-11-07,373,296.23671709118,-111.452379851062,117.282391394981,70.9332713649,False
2015-11-14,391,296.466745581501,-75.3527962763866,133.670084619694,36.2159660751917,False
2015-11-21,392,296.696774071822,-97.647272332968,102.9045731614,90.0459250997463,False
2015-11-28,359,296.926802562143,-44.1805144930663,62.4139968087093,43.8397151222143,False
2015-12-05,401,297.156831052464,-35.0619729843705,92.2214909517652,46.6836509801412,False
2015-12-12,423,297.386859542785,47.3771299406805,34.8018095381258,43.4342009784095,False
2015-12-19,415,297.616888033106,30.786082923094,62.2536299846721,24.3433990591282,False
2015-12-26,460,297.846916523426,80.5969049802124,30.2636352096971,51.2925432866641,False
2016-01-02,475,298.076945013747,48.2234067661406,62.4456375366415,66.2540106834707,False
2016-01-09,470,298.306973504068,97.5859429444048,40.3125482235737,33.7945353279534,False
2016-01-16,445,298.537001994389,95.9123524853972,3.56339770834339,46.9872478118704,False
2016-01-23,412,298.76703048471,112.670667276256,-51.8661072908397,52.4284095298732,False
2016-01-30,477,298.997058975031,123.716763516449,-3.36713855898482,57.6533160675052,False
2016-02-06,410,299.227087465352,96.9565794571231,20.6531095682493,-6.83677649072405,False
2016-02-13,443,299.457115955673,136.601005701257,-20.8296345044119,27.7715128474824,False
2016-02-20,517,299.687144445994,126.493640083431,46.9474536227772,43.8717618477983,False
2016-02-27,514,299.917172936315,211.20309141974,-21.727354116918,24.6070897608628,False
2016-03-06,499,300.147201426635,182.210982209331,-19.3884661421397,36.0302825061731,False
2016-03-13,438,300.3207908759,162.488163277922,-48.0518328382935,23.2428786844707,False
2016-03-20,420,300.494380325165,122.686961675459,-39.2974798925796,36.1161378919556,False
2016-03-27,449,300.667969774429,129.323975746862,-28.6198234564835,47.6278779351916,False
2016-04-03,504,300.841559223694,48.215051439911,81.2063391566375,73.7370501797574,False
2016-04-10,400,301.015148672959,18.0638268183556,70.2111152521817,10.709909256504,False
2016-04-17,378,301.188738122224,46.85822821526,15.4546078284705,14.4984258340459,False
2016-04-24,274,301.362327571488,-41.5814658926323,25.433562708157,-11.2144243870126,False
2016-05-01,360,301.535917020753,22.4517546442848,24.2924081569277,11.7199201780345,False
2016-05-08,269,301.709506470018,27.0365163978865,-32.03037783826,-27.7156450296442,False
2016-05-15,312,301.883095919282,38.0342831023941,-40.2498043169737,12.3324252952971,False
2016-05-22,398,302.056685368547,18.5195910433523,56.3616013400329,21.0621222480681,False
2016-05-29,407,302.230274817812,15.7185074449116,44.8989279207684,44.1522898165082,False
2016-06-05,362,302.403864267076,-31.5187531333404,82.1864571493389,8.92843171692527,False
2016-06-12,259,302.577453716341,-57.3539465782956,15.1146357274555,-1.33814286550097,False
2016-06-19,327,302.751043165606,-53.6207009884523,46.5444792006737,31.3251786221728,False
2016-06-26,294,302.92463261487,-41.4656870732005,4.29945064829107,28.2416038100392,False
2016-07-03,324,303.098222064135,-40.1844936104456,11.3140237843692,49.7722477619412,False
2016-07-10,277,303.2718115134,-90.6430150199944,37.7490145157853,26.6221889908094,False
2016-07-17,263,303.445400962664,-48.14518150377,-18.689562236688,26.3893427777936,False
2016-07-25,263,303.618990411929,-75.5972356755707,-15.296376036234,50.2746212998756,False
2016-08-01,287,303.76399962592,-64.9425301294841,-55.8900225147625,104.068553018327,False
2016-08-08,244,303.909008839911,-97.9179351580215,-47.7427559119436,85.7516822300536,False
2016-08-15,202,304.054018053903,-92.9533898117473,-83.457298051504,74.3566698093488,False
2016-08-22,198,304.199027267894,-67.0261516098128,-92.5791711201053,53.4062954620244,False
2016-08-29,207,304.344036481885,-60.9279708264693,-97.2635187642678,60.8474531088518,False
2016-09-05,208,304.489045695876,-84.1570544421569,-45.5023310031074,33.1703397493878,False
2016-09-12,232,304.634054909867,-110.101395547992,-9.85675497803502,47.3240956161594,False
2016-09-19,166,304.779064123859,-86.7859995056022,-50.8695618212679,-1.12350279698848,False
2016-09-26,205,304.92407333785,-145.26421281813,25.1027443706939,20.2373951095866,False
2016-10-03,193,305.069082551841,-86.6764700111726,-41.3583176813096,15.965705140641,False
2016-10-10,187,305.214091765832,-91.9797950679872,-29.9234654019565,3.68916870411147,False
2016-10-17,181,305.359100979823,-42.9069345815694,-64.5251970463797,-16.9269693518742,False
2016-10-24,192,305.504110193815,-38.4963915250413,-50.0586200383469,-24.9490986304263,False
2016-10-31,224,305.649119407806,-38.007583074131,-45.3232906526432,1.68175431896833,False
2016-11-07,246,305.794128621797,-87.782177927493,8.04000559025487,19.9480437154411,False
2016-11-14,235,305.939137835788,-111.452379851062,-4.34419629683112,44.8574383121045,False
2016-11-21,243,306.084147049779,-75.3527962763866,-26.8350470770746,39.1036963036817,False
