cycle1,cycle2,nll,acf,avg_rank,norm_prod
43,103,2229.083917905348,-1.3014951552580166e-130,495.5,0.37431208302103197
43,102,2176.63776296624,-7.905776546099659e-140,347.0,0.20378980621035778
43,104,2181.381054857864,-8.458182222483407e-128,375.0,0.21921204133276595
43,105,2177.632563682682,-1.1120618305471052e-135,340.5,0.20702427942078638
43,106,2174.5017436154412,-2.0522042690755366e-149,377.0,0.19684479978552424
43,110,2148.94888745365,-2.105964606799716e-217,475.5,0.11376280422677233
43,109,2154.7624294573648,-1.458512252190564e-194,453.0,0.13266482707208802
43,113,2135.7899164085325,-2.3108791090223028e-241,466.5,0.07097801465154817
43,108,2162.0067447341025,-1.1159471295398795e-181,439.5,0.15621883472733
43,107,2219.363544827519,-1.2562113293445777e-161,618.5,0.3427074753886023
43,112,2140.338658696731,-5.5848887751150045e-238,483.0,0.08576769546817246
43,111,2144.2521981594728,-1.7717066852016748e-225,472.0,0.09849209176281096
43,115,2126.0288560647527,-2.0034274846415337e-234,392.5,0.039241117335809136
43,120,2121.4246043932862,-4.498517619704607e-246,405.0,0.024270954529032638
43,123,2124.9430889505343,-1.5826108603385234e-252,435.5,0.03571087797664802
43,125,2127.993313364087,-4.325993659266516e-253,459.0,0.04562831067283802
43,116,2125.5582934875074,-2.689711091985322e-240,405.5,0.037711140502484676
43,114,2130.0803898482372,-9.658075391408727e-235,418.5,0.052414185335499915
43,119,2122.672421170476,-1.5262907137387966e-241,394.0,0.028328078604877634
43,117,2123.9224539999677,-1.7485315126579327e-237,390.5,0.03239240790452858
43,118,2122.4552793616594,-5.346074752183384e-238,387.0,0.027622068494638625
43,121,2120.667939613654,-8.812629075765212e-244,393.5,0.021810751275712754
43,122,2121.8740819322898,-1.1254525841846753e-244,401.5,0.02573237593190061
43,124,2127.3546711280705,-4.486426499327831e-253,456.5,0.043551843326863085
43,127,2129.8072553551888,-6.300435363579086e-269,513.0,0.05152612184096473
43,128,2129.4497433278143,-7.703191139784711e-283,541.5,0.05036371508367471
43,126,2129.07555378486,-8.740774390900763e-258,477.0,0.04914708341835226
43,129,2124.155515317466,-1.047898230734855e-272,489.0,0.03315017835581187
43,131,2132.6302225637173,-6.96587547578171e-287,565.5,0.06070465544975061
43,130,2129.964529200796,-1.694492696773542e-283,544.5,0.0520374785699151
43,134,2128.630183830987,-1.8811084252320696e-271,516.5,0.04769901732760296
43,132,2131.1911011304096,-5.628211894373746e-281,545.5,0.05602552761474324
43,133,2130.086264386754,-6.568203388010552e-277,533.5,0.0524332856810687
43,135,2128.899796190244,-6.6096298610605526e-273,521.0,0.048575629033651396
43,137,2126.1867555861736,-7.084063478441993e-261,469.0,0.039754508373364965
43,136,2127.3400450612685,-3.537421160423556e-264,488.5,0.043504288454351094
43,138,2125.8491477817984,-2.1050619360421668e-263,474.0,0.03865681776977424
43,139,2126.1588750070027,-3.970391208013019e-268,490.0,0.039663858070315354
43,140,2123.5716410644764,-1.1204143227158349e-268,475.0,0.03125178242752108
43,141,2123.8922934254665,-5.607236863256793e-271,482.0,0.03229434447471494
43,142,2123.1072572126154,-1.2221719938981992e-267,471.5,0.02974189496626902
43,143,2122.794235891546,-1.1866881362894344e-262,455.0,0.028724144314748457
43,145,2128.489165376786,-1.1942457245550809e-236,418.5,0.04724051302141317
43,144,2125.342568445271,-4.302676413304027e-247,425.5,0.03700973683600123
43,146,2130.7705014015505,-8.438777779928632e-224,401.0,0.05465799888981993
43,147,2136.9284382442233,-5.202605042382712e-206,394.0,0.07467977955397234
43,148,2142.69450393936,-1.1817982442601144e-195,400.0,0.09342743897183176
43,149,2148.791139873373,-5.049001468706703e-188,403.0,0.11324990720731631
43,151,2157.030150824986,-5.8824507738539326e-182,416.0,0.14003804654314292
43,150,2148.9931398828307,-1.1998771195413579e-195,429.0,0.11390668560353018
43,156,2179.368995701271,-7.148049829065212e-154,454.5,0.21267007636587432
43,152,2170.4428269289547,-9.654669202648796e-168,422.5,0.18364772717709055
43,153,2175.7686188624766,-4.796127533643697e-155,412.0,0.2009638901518322
44,103,2177.4394555432764,-1.334035045497234e-134,331.5,0.2063964118556555
43,154,2176.913124302103,-7.462016772038204e-150,398.5,0.204685110012733
44,102,2180.6093687122625,-4.547761409070139e-135,383.0,0.21670299794371622
43,155,2180.2404881081256,-3.715000781844795e-147,432.5,0.21550362764551706
44,104,2180.1907961363418,-3.3923537223744407e-135,379.0,0.2153420602593543
44,105,2178.523051641134,-1.2320887394900022e-145,404.0,0.20991959241988115
44,106,2172.8681675064427,-6.7332313948944e-148,354.0,0.1915334262868684
44,108,2162.74247305501,-1.0067358495485508e-170,401.0,0.1586109656383744
44,107,2167.413250492994,-3.3912206173027637e-152,350.5,0.17379742886195515
44,109,2158.362669485048,-2.9262402688333034e-187,442.0,0.14437056846148685
44,114,2131.998849522704,-2.3451833131131288e-236,432.5,0.058651823004827075
44,111,2147.423132194798,-5.780017394347322e-231,494.0,0.10880199707327615
44,115,2128.475232873474,-1.818497690735368e-235,413.0,0.047195213186007084
44,113,2137.9236471877393,-5.002315039453576e-244,486.0,0.07791558006494857
44,110,2146.6182380664472,-1.19645695036131e-212,448.5,0.10618498197431776
44,112,2143.9358209876036,-2.315537282755239e-246,523.5,0.0974634299716713
44,116,2126.4651267423105,-2.944470667694437e-237,409.5,0.0406595982393047
44,117,2124.046589625144,-1.7853146745657885e-244,408.5,0.032796019751058496
44,118,2124.237212563659,-2.373063635249611e-247,421.0,0.033415806988571904
44,119,2123.9268082615617,-1.5983100715588072e-250,426.5,0.03240656525508561
44,120,2121.9901680484068,-5.267198788423269e-251,420.5,0.026109815781387463
44,121,2120.93255028182,-1.0238952657852472e-245,402.0,0.0226711005931496
44,127,2134.272639085755,-4.772282925485457e-283,565.0,0.06604477247328736
44,122,2122.773079832609,-1.9177743952920703e-251,424.0,0.028655357969161792
44,125,2130.513104812419,-5.450964368159904e-265,508.5,0.053821105270583716
44,123,2125.241280725008,-1.0283417427146513e-253,439.5,0.036680412165922945
44,126,2132.2752213935255,-2.7926440171696474e-269,527.0,0.059550412438383
44,124,2128.2608546660995,-1.6131675783462468e-258,472.0,0.04649818858882678
44,128,2135.026550317869,-2.906525993772725e-288,580.0,0.06849602290265529
44,129,2135.487170999616,-2.9659381284643495e-290,587.0,0.06999367487521255
44,130,2134.8324226778086,-6.550347782455731e-287,578.0,0.06786484055547656
44,131,2133.539079222009,-7.22252177596901e-294,581.0,0.06365969203625368
44,133,2132.194425902949,-2.805936354705988e-284,558.5,0.0592877157540388
44,132,2120.618987185821,-7.809762627094306e-272,474.0,0.021651588426515808
44,134,2138.0110516827885,-3.868224738790044e-284,590.5,0.07819976512134755
44,135,2138.7133352050205,-6.481968152153331e-284,593.5,0.08048315434819664
44,140,2134.8792983402773,-4.6027474124012805e-259,508.0,0.0680172510553587
44,139,2135.3174950302546,-5.320836820825475e-262,521.0,0.06944199415335305
44,136,2136.1334917982463,-6.60603095708253e-269,546.5,0.07209510813110141
44,137,2135.065043027514,-9.439306066211442e-265,530.5,0.06862117725375944
44,138,2134.6612797820912,-1.0520846572783233e-262,520.5,0.06730839030146686
44,141,2134.655074984197,-6.640514874654254e-260,510.5,0.06728821615780903
44,142,2135.4119400199074,-3.8312437377899394e-259,513.0,0.06974907051934529
44,145,2137.9499722913442,-7.765944141907492e-227,445.5,0.0780011729288906
44,146,2139.580289737033,-7.653599755916675e-220,438.5,0.08330195128119927
44,143,2131.5401793490564,-9.44025084787525e-247,461.0,0.05716051287148482
44,144,2136.1599964656434,-2.4677167073797407e-234,450.5,0.07218128482481556
44,147,2140.1244418233637,-1.0009378640126182e-208,414.0,0.08507119542884177
44,152,2224.066647675898,-6.821378156252026e-170,658.0,0.3579990407418969
44,149,2206.216294409116,-3.042392833496379e-193,735.0,0.2999607940017732
44,153,2173.2206751556178,-1.2065000934605474e-157,399.5,0.19267956191874283
44,150,2212.7939281072413,-6.28555849794552e-190,728.0,0.32134716780807554
44,148,2151.711715683219,-1.6071310850846886e-200,457.5,0.12274580327960948
44,151,2266.41325008925,-1.6403701471895768e-176,714.5,0.4956838541873363
44,154,2165.5878896039767,-1.2997148483582863e-134,255.0,0.1678624905398267
45,103,2186.7542259640413,-1.8982845050701576e-136,468.0,0.23668225191317413
44,156,2178.1011441952387,-9.214073814438613e-162,466.0,0.20854781181249527
44,155,2175.0116884207323,-6.765066879431114e-158,415.5,0.1985028231305526
45,102,2185.0958273006145,-7.274080758529586e-139,465.5,0.23129017090598344
45,106,2180.5916535841006,-2.2224099566978375e-160,494.5,0.21664539936491364
45,109,2265.2717184419903,-6.103199473885177e-189,762.0,0.4919723032496516
45,108,2224.482344768622,-2.5087218376017733e-172,668.5,0.3593506291433197
45,105,2178.0227892214725,-1.1972483955101591e-140,368.5,0.20829305017093042
45,104,2184.666787806689,-1.652150315815092e-140,466.0,0.22989520131420327
45,107,2179.9339379507296,-6.024658961324911e-166,508.0,0.21450691719350135
45,110,2215.40462851428,-9.230604783426123e-217,791.0,0.32983554179842206
45,111,2160.5403769350964,-2.5010312549725296e-231,557.0,0.1514511186570345
45,112,2146.493561115055,-3.4428363708346616e-245,527.0,0.1057796100716127
45,115,2130.713179886163,-8.608058905146668e-237,430.0,0.05447162497307626
45,113,2137.5780430920026,-5.46848997445537e-244,483.5,0.076791890495169
45,114,2135.3819035100023,-8.151070895358785e-240,459.5,0.06965141047043576
45,116,2128.1760788823667,-5.086928050821174e-243,429.0,0.0462225504666936
45,120,2120.905780761169,-1.4653271012836508e-255,429.0,0.022584062761379555
45,117,2126.690307940581,-1.8641498321863237e-248,441.5,0.041391747443924834
45,118,2124.842335457458,-1.173397392158232e-254,441.5,0.035383290281116156
45,121,2121.668486923994,-6.07215930873705e-263,454.0,0.025063908835385607
45,119,2122.8909822092523,-1.3042450196868324e-255,436.0,0.02903870316825199
45,122,2123.1972340403518,-2.5817034647736624e-267,471.5,0.030034443648696108
45,123,2125.765740778247,-2.240590657155694e-270,490.5,0.03838563006947436
45,125,2132.1447942020804,-2.7388370673277787e-278,545.5,0.05912634433140632
45,124,2128.4643498445366,-2.1155078667227905e-274,520.0,0.04715982834463707
45,126,2133.694308029978,-3.636646310951429e-276,550.0,0.06416439957472204
45,128,2137.271650163256,-9.765049657005367e-297,605.5,0.07579569125293158
45,127,2136.135179883192,-4.325894073042182e-290,588.5,0.07210059673343518
45,129,2137.880253567892,-4.4079372289578204e-297,608.0,0.07777449100200341
45,130,2138.7437043459486,-7.17063186091825e-294,612.0,0.0805818959063119
45,131,2140.9181216285842,-2.22272642229053e-302,627.0,0.08765174852376373
45,132,2141.6729672630204,-6.338557230008627e-301,630.5,0.09010603704832965
45,133,2140.9378541576934,-1.220112975001876e-305,630.0,0.08771590643571822
45,134,2132.8828047819593,-3.2186036165718034e-303,585.0,0.061525895729167106
45,135,2117.6315529752733,-1.9557138612404993e-266,458.5,0.011938310417933752
45,137,2143.557179811878,-4.3676808199374895e-251,534.5,0.096232324365284
45,136,2134.4564105969557,-1.239194173946681e-263,523.5,0.06664228313044127
45,138,2147.1872874448322,-1.521580807747615e-253,554.0,0.1080351766307721
45,142,2150.1606887522953,-1.927115331630299e-254,575.5,0.11770282836633122
45,139,2148.8041355597043,-5.251208879462446e-254,565.0,0.11329216109655707
45,141,2151.4889643683705,-1.1258743208047213e-254,585.5,0.12202155454460366
45,140,2148.9153158698355,-2.419896142726307e-254,566.5,0.1136536503161596
45,143,2148.779052348986,-9.221261928302402e-249,550.5,0.11321060609588376
45,145,2149.483503687977,-3.018638556500342e-226,499.5,0.11550104371455293
45,144,2155.3351671507526,-1.6830637756762745e-235,543.5,0.13452701383497237
45,146,2147.829554170006,-5.065909507465382e-215,462.0,0.11012342856122354
45,147,2153.7785597274637,-4.34571574030175e-207,478.5,0.12946589463132807
45,151,2223.8131127777847,-3.404578466504408e-179,694.5,0.3571747029400613
45,148,2155.1672569804996,-3.2732194649515945e-204,475.0,0.13398107439356907
45,149,2160.1021975983454,-7.412016530072416e-194,473.0,0.15002643198093893
45,150,2160.8434688684206,-1.4317115615334376e-184,442.5,0.15243658511522182
45,152,2228.6982414915446,-1.815622449299508e-186,731.0,0.37305810319601485
45,154,2281.3463040055553,-4.149137318413357e-180,731.5,0.5442368578632316
46,102,2178.779004319418,-1.4391433104165513e-137,368.5,0.21075179133908706
45,156,2183.7822345539644,-2.6299963100020966e-177,613.5,0.2270191842870245
45,153,2238.4541806666925,-1.3462189907935902e-175,699.0,0.4047783496564901
46,103,2182.39541047317,-3.2826682418113303e-133,405.0,0.2225100949158879
45,155,2186.898458399021,-2.9984228850829157e-176,641.0,0.2371512060859104
46,104,2181.8640432237507,-6.102273746295857e-141,430.0,0.22078241910631077
46,105,2182.492945722499,-1.1259147775763429e-153,501.0,0.22282721888434942
46,107,2185.3347320534485,-4.93639626184584e-168,596.5,0.23206694057463612
46,106,2190.3062960899856,-4.1264056888457785e-165,607.5,0.24823137474153947
46,109,2286.417042349951,-3.6489293693916224e-193,783.5,0.5607237451975174
46,110,2237.9457322849375,-8.150604394500589e-223,833.5,0.40312519175009576
46,108,2234.5404879801963,-3.9126972527990654e-179,707.0,0.39205345517350065
46,112,2213.387474230836,-5.212017727141929e-236,833.5,0.3232770106441233
46,115,2136.759952305577,-1.5839090124105376e-226,437.0,0.07413196807185451
46,113,2164.6493108869745,-4.169687842991486e-232,580.0,0.16481081630412553
46,111,2269.4098277335625,-3.5066425658038345e-224,847.0,0.5054268609557334
46,114,2196.5944879417666,-4.306105872738401e-234,818.5,0.26867666368279836
46,116,2136.006780794136,-1.5542583544176756e-240,465.0,0.07168312275404277
46,118,2128.4004232064594,-1.2386642482290566e-246,445.0,0.046951978676983995
46,117,2131.6906178708223,-6.469062062944312e-244,451.0,0.05764964537855485
46,119,2126.05598720501,-1.3112509467855533e-254,450.0,0.03932933092962706
46,120,2125.27299360352,-2.824772875895685e-261,460.5,0.0367835227229187
46,121,2125.5051864146003,-1.1668888666694092e-266,481.0,0.0375384693315021
46,124,2129.9465986924524,-9.301187179454742e-280,536.5,0.05197917970871852
46,122,2126.4102813859663,-5.585012468171026e-271,502.5,0.04048127525171542
46,126,2134.5915009962723,-3.8620125267205695e-285,572.0,0.06708151308911939
46,123,2126.068733355719,-6.113034534409062e-275,505.0,0.03937077348422434
46,127,2139.041083162044,-5.768314374250796e-299,618.5,0.08154878686056215
46,125,2131.571529023472,-1.0799556936556013e-280,546.5,0.057262442514655745
46,128,2141.2481325275317,-6.757832443336931e-305,630.0,0.08872473871582245
46,132,2148.7301763828327,-1.1201197527572504e-293,654.0,0.11305169185251389
46,130,2142.381312212531,-4.73428719469961e-291,624.5,0.09240913426676572
46,131,2143.5722158212484,-3.4968682446495647e-298,638.0,0.09628121211606284
46,129,2141.9442136984853,-7.694121197005489e-304,634.5,0.09098796175388656
46,133,2149.281989279263,-2.604706548020291e-290,654.5,0.11484584418993621
46,134,2147.1866020555663,-1.6493192818916234e-281,623.5,0.10803294817115913
46,136,2138.046244610103,-9.379193568388869e-266,550.5,0.07831419063262149
46,135,2145.6285551947576,-1.8480032482825658e-275,606.0,0.10296714881196306
46,137,2128.66534155687,-1.1565679011332428e-279,532.5,0.047813328385716045
46,138,2116.1318571086936,-6.271349175862493e-256,426.5,0.0070622322003854685
46,139,2137.8361961936566,-1.1307105893473988e-262,538.0,0.0776312438226129
46,140,2155.3420399922375,-1.5847425585362396e-248,581.5,0.13454936004089582
46,141,2159.8985192590208,-2.1967271609966464e-246,596.0,0.14936419669984016
46,142,2160.628361543325,-5.162972217290585e-252,614.0,0.15173718988068916
46,144,2162.2678449305104,-1.3339184268664948e-228,562.5,0.1570677701739585
46,143,2162.497447982528,-4.735448383395002e-245,606.0,0.15781429649677758
46,145,2161.101860769377,-2.1894228058530332e-216,528.0,0.15327671486947456
46,148,2162.1980314944167,-4.2670480290213974e-191,477.0,0.15684078030046839
46,147,2160.0091163328793,-2.1517196119907077e-194,475.0,0.14972378959782973
46,146,2159.1633140907197,-1.9393851866691038e-205,494.5,0.14697376675569584
46,149,2163.0416166657014,-2.0862930753458075e-186,463.5,0.15958359460703145
46,150,2167.3506243877896,-2.8891436652151937e-193,509.0,0.17359380771833405
46,151,2172.9532485261725,-4.441413531400273e-185,507.0,0.19181005684662156
46,152,2225.29436471224,-3.870096806559879e-181,704.0,0.3619908129616033
46,154,2180.9487922591425,-5.487860358391675e-182,592.5,0.21780659221262555
47,102,2178.1115556796503,-2.261797097006557e-134,344.0,0.20858166348434637
46,156,2195.015659316716,-2.4365526267675576e-178,671.5,0.26354329495157186
46,155,2234.8411275733174,-2.140669387590206e-180,713.0,0.3930309481465884
47,103,2178.882157371019,-7.776105057931482e-135,359.0,0.21108718090652698
47,104,2178.3053142987064,-9.395328997937072e-143,386.0,0.20921164600473324
46,153,2175.781775126104,-3.404357438641276e-172,482.5,0.20100666613856913
47,105,2180.250531870241,-3.052379590932033e-155,471.0,0.21553628371316685
47,108,2183.9496889421907,-1.0436363516340622e-180,630.0,0.2275636418087523
47,107,2182.6846985273787,-6.371127827744305e-169,563.0,0.22345067974455743
47,106,2181.2907657886894,-1.315025301558407e-167,537.0,0.21891847743919826
47,109,2178.68650197045,-1.561009279067147e-190,593.0,0.21045103123237022
47,110,2224.5215414949744,-2.7816949857723484e-211,788.0,0.3594780725188897
47,111,2226.6188561755152,-2.310202463055613e-219,812.0,0.36629723542853554
47,113,2212.4510040721193,-5.082324750109391e-228,814.5,0.3202321921285428
47,112,2218.8503117162354,-2.1315701634991833e-228,821.0,0.3410387605176584
47,116,2148.5363573744776,-1.7727136330900034e-228,495.0,0.1124215129836858
47,114,2156.9465116670335,-8.027546369505561e-224,527.0,0.13976610402111966
47,115,2198.6270996833855,-5.600841517172831e-217,783.5,0.27528545287726663
47,117,2142.60008796436,-1.029216294127088e-232,479.5,0.0931204569434443
47,119,2137.112549752094,-1.7607017338076964e-246,491.0,0.0752783956688349
47,118,2136.457338795103,-1.642490769104286e-235,456.0,0.0731480571472201
47,120,2135.4499531335014,-3.262681139156102e-259,515.0,0.06987266552237699
47,121,2135.4675300404633,-5.877098905385494e-271,548.5,0.06992981469180459
47,123,2136.4379688932504,-1.9562980920424577e-286,585.5,0.07308507827356638
47,122,2134.9581163020216,-3.220790097833587e-277,559.0,0.06827351804587167
47,124,2136.829176604301,-1.3147448682697331e-286,587.5,0.07435704243703524
47,127,2141.5381777072594,-3.2419363334148547e-284,607.5,0.08966778524578367
47,126,2138.8738707937505,-2.4238780635677268e-275,577.0,0.08100511623713143
47,125,2133.0413084936454,-3.019825581556424e-272,538.0,0.062041251217687395
47,128,2143.2586417641596,-9.946955518577757e-292,630.5,0.09526166431078287
47,129,2143.698515301642,-2.334819158181353e-289,626.0,0.0966918594739436
47,130,2144.257553880133,-1.454183012938741e-283,619.5,0.09850950523539057
47,131,2146.425959566419,-5.2035274818160904e-294,643.5,0.10555981188044442
47,132,2196.605692828485,-2.3903727164325414e-288,957.0,0.2687130950054926
47,133,2197.8118791374427,-6.6246842427210545e-282,945.0,0.2726348626908476
47,134,2203.786711439914,-5.568372662549558e-271,927.5,0.29206130127271074
47,135,2150.8846886970564,-2.0092749907618544e-263,606.0,0.12005682589264773
47,136,2147.943688561126,-3.5645237952568415e-250,549.5,0.11049452261490142
47,138,2147.68937642731,-3.817115922703839e-251,551.0,0.10966765772596526
47,137,2148.6391911436713,-1.5405488026859385e-245,538.5,0.11275586444331698
47,142,2140.4172776265427,-9.388625819760505e-250,514.5,0.08602331533062972
47,139,2140.410651737904,-2.322326727343979e-258,535.5,0.08600177206176927
47,141,2116.528565888831,-4.314329213550296e-256,427.5,0.008352082419116957
47,140,2128.585972325168,-8.202389927612522e-282,535.5,0.04755526900816484
47,143,2163.9229617410283,-2.139019352394812e-233,580.0,0.16244918063664818
47,144,2218.801029189031,-2.3185743440284517e-219,801.0,0.34087852439061256
47,145,2172.42872513562,-5.552999374900823e-216,585.5,0.19010463300952
47,146,2217.936919968818,-4.585614074379792e-205,769.0,0.33806897864193214
47,148,2170.3411865959315,-3.235379096452186e-188,509.0,0.18331725602962454
47,147,2170.5793158173165,-2.1252124524956514e-192,524.0,0.18409150415234896
47,150,2172.3570560017797,-1.5723707617040275e-179,483.0,0.18987160956111504
47,149,2170.6673760353115,-2.6742396679317685e-174,456.0,0.1843778212119387
47,154,2180.6541300538756,-1.8530084003182566e-176,565.0,0.2168485339871847
47,153,2179.8798067429025,-5.54033421647268e-169,519.0,0.21433091617272274
47,151,2172.6622389156337,-1.4357765158181973e-169,445.5,0.1908638745874934
47,152,2175.0777939936324,-5.464055512732712e-170,467.0,0.19871775733905453
47,155,2183.0717689235403,-1.6001676440680623e-182,624.0,0.22470919193322247
47,156,2182.888488956215,-1.0191103907217255e-174,590.5,0.2241132794710339
48,102,2180.685142833902,-3.663862436981403e-126,359.5,0.21694936809570092
48,103,2179.8972065847233,-6.377012306891004e-129,349.5,0.21438748963615625
48,104,2178.5576525378588,-7.92647539430076e-133,345.5,0.21003209301589376
48,106,2183.108185082358,-8.29229842630387e-163,544.5,0.22482759463255295
48,105,2179.1615102355145,-3.426441798298626e-146,415.0,0.21199546267747266
48,108,2177.8579208777874,-1.0157884604598283e-158,447.0,0.20775700085765206
48,109,2172.462916677006,-3.616561961385269e-176,472.0,0.1902158026365704
48,107,2183.243851014993,-8.903124470099788e-159,531.0,0.22526869586762846
48,110,2171.354391072424,-2.5891120522327464e-190,523.0,0.18661156682146135
48,111,2168.482465223007,-2.594893965728642e-196,523.5,0.17727385016248706
48,112,2220.507203692451,-3.1405318373577714e-198,757.5,0.34642594271512755
48,113,2168.9576479148773,-6.959732579517508e-217,568.0,0.17881884873507764
48,114,2163.3707714107086,-3.616022073690756e-212,530.5,0.16065380111896405
48,115,2158.5126394976332,-4.4546869846376005e-211,502.0,0.1448581776680917
48,117,2153.477482220087,-3.0843742401935326e-213,488.0,0.12848697783344326
48,116,2155.5973521812903,-2.6319221196909217e-210,489.5,0.13537947648747523
48,120,2139.8955861341174,-7.351224786138293e-215,425.5,0.08432709906492972
48,118,2152.5402923851434,-1.723873100698229e-214,486.5,0.12543981937837698
48,121,2146.845884141505,-1.270852431550189e-244,526.5,0.10692514542521181
48,119,2150.9526964029287,-1.904573529002477e-217,487.0,0.12027794465453763
48,122,2147.8653907231255,-2.256145125127449e-255,563.0,0.11023994674331161
48,123,2148.6371085131946,-5.268345098084715e-262,583.5,0.11274909302430532
48,124,2148.8030440358966,-1.1139347072806166e-260,583.0,0.11328861214001128
48,125,2148.769888022176,-4.5168179159136604e-262,585.5,0.11318080940487908
48,126,2149.763965430505,-3.401550002565929e-256,579.5,0.1164129308671886
48,127,2151.2736683280077,-1.1972569309851944e-264,612.5,0.1213215457253945
48,128,2143.9988399019726,-1.1885882628267134e-252,541.0,0.09766832828638686
48,129,2150.1301190584536,-1.6158460298529545e-268,615.0,0.11760343473487542
48,131,2151.972257277319,-4.980798134607855e-272,634.5,0.12359292249895668
48,130,2152.217025208841,-5.542240203698984e-268,624.0,0.12438875557807973
48,132,2151.237001467296,-4.844507884673882e-259,590.5,0.12120232789942975
48,133,2151.3604822694915,-1.677650886157074e-254,583.5,0.1216038106688954
48,134,2153.621741942501,-8.124520755940227e-244,560.5,0.12895602072794496
48,135,2155.5479773736547,-6.871268900710506e-239,556.0,0.13521894032186155
48,137,2151.2165154131744,-6.157345175174823e-216,483.5,0.12113571999279206
48,136,2153.7933658000816,-1.68551915367411e-222,514.5,0.12951403477079773
48,138,2153.615240056847,-5.227522567238697e-220,506.5,0.12893488063966654
48,140,2154.4330090941075,-4.4433561015274044e-219,506.0,0.13159375693480832
48,139,2155.392436199341,-1.3652948026977063e-221,517.5,0.13471321716231632
48,143,2132.210453164578,-4.439864502371059e-276,542.0,0.059339826440650466
48,142,2140.7023667299923,-1.0012833826734371e-236,480.5,0.08695024778298155
48,144,2120.627531465872,-8.412754697067427e-238,380.0,0.02167936911109962
48,141,2150.933745090553,-1.3032702593818775e-219,492.5,0.12021632677352087
48,145,2146.812235062046,-1.643554772587878e-218,465.5,0.1068157395469625
48,146,2168.51098458659,-3.393634414137508e-191,510.5,0.1773665773951516
48,147,2174.5183207989753,-1.4862020694659684e-179,501.5,0.19689869847614555
48,148,2174.042872772119,-6.359836167884799e-175,476.0,0.1953528371992075
48,149,2175.1243987109256,-4.747337958984479e-166,449.5,0.198869286893741
48,150,2176.278545455251,-6.451684357755678e-166,458.0,0.2026218542810832
48,152,2176.9055453762135,-1.1099852061162142e-143,367.0,0.20466046805947738
48,151,2175.6091152103936,-1.3338776882499876e-150,395.5,0.20044528347905718
49,102,2182.120294819639,-1.0571880939042049e-123,379.5,0.22161554168873449
48,155,2180.8655070792447,-1.6924057840864144e-155,482.5,0.21753580060707808
48,153,2177.374199727914,-2.8482782747800364e-141,360.5,0.20618424053015683
48,154,2178.5752575035544,-1.9085911024036626e-150,430.5,0.21008933341487226
48,156,2183.024837418403,-1.672097051667503e-147,476.0,0.22455659986771342
49,104,2181.4070314587566,-1.6478390043510022e-131,384.0,0.21929650108645612
49,103,2182.2336830585787,-3.5478465058172176e-125,384.0,0.2219842563292242
49,106,2181.4677733874805,-9.127536998680636e-146,450.5,0.21949399606003311
49,105,2182.0403180973367,-3.629404084015269e-140,429.5,0.22135555536049933
49,107,2179.6926786907934,-1.888445111458768e-145,418.0,0.21372249213214556
49,109,2174.3437086166996,-6.98222334933613e-158,410.5,0.19633096825998175
49,112,2170.1726998016634,-7.27969432890955e-199,538.5,0.18276944176555712
49,111,2171.6252300906253,-4.251228159444576e-184,497.5,0.18749216685947204
49,108,2177.7666461734243,-2.9714099983668507e-150,414.5,0.20746023228765334
49,110,2174.5952827388487,-2.7063230445333438e-183,517.0,0.19714893083789287
49,113,2167.271590117002,-1.2022503638200155e-202,528.5,0.17333683742534578
49,114,2161.463629603929,-4.332341369793863e-188,463.0,0.15445296211617157
49,115,2161.7135608376248,-1.703888060447667e-190,472.5,0.15526558304263233
49,116,2161.0714942902296,-4.301324423360115e-186,450.0,0.15317798196581514
49,118,2163.8125677126254,-5.669196908046377e-171,405.5,0.16209024791619578
49,117,2162.273276749721,-8.717092414861381e-179,429.0,0.15708543107169423
49,119,2168.1062492974675,-7.277568346868752e-174,439.5,0.17605062996131332
49,122,2150.7997398070006,-1.4060669219881533e-200,451.0,0.11978062493641611
49,120,2165.8763180020774,-1.3740423871310976e-186,476.5,0.1688002803014992
49,123,2149.1682037689634,-9.726956462990589e-212,463.0,0.11447588447969803
49,121,2163.0519591529446,-1.2869275454077508e-190,482.0,0.15961722194300376
49,126,2164.1893445019987,-2.545734401905381e-228,571.5,0.1633152916977264
49,124,2160.8222560396093,-2.053829893975925e-220,538.5,0.1523676141893133
49,125,2160.7912204917466,-5.788949272774621e-227,551.5,0.1522667058903204
49,127,2167.298693256699,-3.498492982375772e-246,632.0,0.1734249599787585
49,128,2167.78391877464,-2.242535316088035e-249,643.0,0.17500261157556232
49,130,2261.144595511748,-6.998071166857438e-245,893.5,0.47855346635761203
49,129,2215.35412090878,-6.065455814785669e-250,872.5,0.32967132247870007
49,131,2159.5263193831333,-1.3569881435709451e-233,558.0,0.14815403419433967
49,133,2159.1475902360726,-3.279003040540342e-222,532.5,0.14692264255988424
49,132,2162.295170224412,-2.662965189692286e-236,580.5,0.1571566150346733
49,134,2156.5523695141114,-2.3896840454557783e-215,503.5,0.1384845988777708
49,135,2155.6192263091743,-5.632333813987615e-211,490.5,0.13545059754667146
49,136,2159.8195041367667,-2.6001516822157138e-194,473.5,0.1491072886659741
49,137,2156.886926624673,-8.865978152444952e-190,446.0,0.13957237052246782
49,138,2157.8121794669282,-4.9128054924377275e-189,447.5,0.14258071730156185
49,139,2159.4654846933845,-4.39449646574803e-190,459.0,0.1479562376196034
49,140,2158.75348389748,-1.6238715448245313e-185,433.5,0.1456412538624594
49,142,2162.451184970336,-7.554695084070492e-203,507.5,0.15766387795455553
49,141,2160.170112935858,-4.689763910090808e-196,479.5,0.15024725041837195
49,143,2163.5426138082294,-2.9860625867611088e-201,511.5,0.1612125257177811
49,144,2163.8392789372233,-1.2657304725734726e-187,472.5,0.16217709620545775
49,145,2153.281004508982,-4.087462747995539e-193,442.0,0.12784815451686052
49,146,2142.9775515874085,-3.440301145175404e-236,490.0,0.09434773388090911
49,150,2174.297652747471,-2.9567120231133064e-152,392.0,0.19618122321784384
49,148,2152.572376537877,-4.290320732538421e-183,404.5,0.12554413708822695
49,147,2127.758928429022,-8.974692507829055e-203,337.0,0.044866236640455394
49,149,2170.1286561012616,-2.1272594209002347e-151,362.0,0.18262623904496889
49,151,2175.5983572733976,-4.5738000918533907e-144,361.5,0.20041030535887894
49,152,2178.0866177904268,-7.296936651273326e-140,366.5,0.2085005809787901
49,153,2178.408519402117,-1.4359870662441907e-130,335.0,0.2095472048122783
49,154,2178.88821091728,-3.4511377307071343e-126,334.0,0.21110686312396484
49,155,2178.388231689669,-1.5417392752287703e-133,347.5,0.2094812417894104
50,102,2183.8567373790656,-8.314509511390074e-131,415.5,0.22726142113698314
49,156,2179.6865273482513,-4.6733396652350054e-141,393.5,0.21370249179204545
50,103,2184.3642302637854,-1.608517363980031e-136,445.5,0.2289114723612973
50,104,2184.0720167732434,-3.8243671135040173e-140,456.5,0.2279613758331556
50,106,2185.271757216004,-7.595006471037536e-149,517.5,0.23186218557066524
50,105,2184.385459787326,-6.829434698899453e-144,480.0,0.2289804975680822
50,107,2185.513599504496,-1.7263113923153027e-146,508.0,0.23264850627826825
50,108,2182.905016146701,-3.185685914049749e-151,500.0,0.2241670156153567
50,109,2180.7271307814735,-1.8926171623574275e-156,484.0,0.21708588695030057
50,111,2177.8452747023807,-3.882223445984797e-171,499.5,0.2077158833605583
50,110,2179.7927188882286,-8.809186986869075e-166,503.5,0.21404776063388883
50,112,2175.803086044966,-2.6506965372677307e-182,524.0,0.20107595599231565
50,114,2170.0452697544824,-5.1498899825851135e-172,440.0,0.18235511850764397
50,113,2173.5156776246677,-1.9185582260643557e-180,497.0,0.1936387264703781
50,115,2165.578215473599,-1.3895569631691589e-157,356.0,0.16783103628469398
50,116,2164.7681372320185,-4.381617999687011e-158,356.0,0.16519716567378895
50,117,2166.5535746707906,-4.5978259581487486e-151,340.0,0.17100229776623577
50,119,2182.5394771891133,-6.176139775127733e-148,473.0,0.2229785102733872
50,120,2180.7259958794484,-2.6403857573025605e-148,448.5,0.2170821969547708
50,118,2177.0721642627905,-1.1221647735725444e-143,369.0,0.20520220904948433
50,121,2230.5128921442474,-7.38809514457898e-158,615.0,0.3789582184909138
50,122,2180.903845851126,-2.1351981324843044e-167,529.0,0.2176604544483157
50,123,2182.3829121554977,-2.3094892777888942e-182,615.0,0.22246945816018512
50,124,2181.2944954082996,-7.859903462636833e-198,652.0,0.21893060384252166
50,125,2161.200675298352,-2.7668603596107517e-172,397.5,0.15359799825969447
50,126,2169.020395462703,-5.34233454181078e-198,529.5,0.17902286473457238
50,129,2223.1274143427568,-8.561874911273403e-218,801.0,0.35494523810165246
50,128,2174.209893332082,-4.4456475333585056e-210,585.5,0.1958958841812438
50,127,2172.5894236910876,-3.795890768931383e-204,562.5,0.19062712476492796
50,130,2177.169510000775,-2.241458267005677e-206,604.5,0.20551871684492182
50,131,2235.138020651743,-1.360621303007687e-213,805.5,0.3939962597840425
50,132,2225.939849834438,-4.819385095172087e-203,773.5,0.36408952911748554
50,133,2175.985838435092,-3.747182591148837e-195,570.0,0.20167015310157943
50,134,2171.5945710023207,-4.4297193652993534e-194,535.0,0.18739248257282182
50,135,2170.810156104619,-4.0665014232347336e-194,531.5,0.18484205319481348
50,137,2166.7068409010008,-1.4257473067066106e-182,466.0,0.17150062422246456
50,136,2168.727464940431,-2.1509382795488134e-184,481.0,0.1780704368652052
50,139,2167.6443255493127,-4.157935414288061e-179,456.5,0.17454874122724456
50,138,2167.3332890808565,-5.950295134626501e-183,470.5,0.1735374440819364
50,140,2166.3767985665745,-6.036337422421714e-166,393.5,0.17042753182178008
50,141,2166.422708604447,-9.01597636576703e-173,426.0,0.1705768027110489
50,142,2168.959078661617,-1.7950785671593467e-178,460.5,0.1788235006336171
50,143,2169.231540160172,-2.903239364006615e-177,458.0,0.17970937596863057
50,144,2172.668795439417,-1.5508727512959662e-169,445.0,0.190885192324986
50,145,2176.4183736866516,-4.763811724649675e-168,468.0,0.20307648872298947
50,146,2176.5319870899166,-2.58575504900074e-163,450.0,0.20344588884819295
50,147,2173.183133492557,-2.4625902796846993e-150,372.5,0.1925574997796244
50,149,2157.0876818661154,-6.674460208081727e-197,468.5,0.14022510170728392
50,151,2161.7983570998044,-7.728651254228947e-164,364.5,0.15554128774793824
50,150,2142.2406111531886,-1.2138850199528633e-180,344.0,0.09195166193125098
50,148,2166.167266177505,-1.0060836165334903e-158,364.0,0.16974626281185587
50,152,2173.7858982302214,-2.4232212114326134e-146,354.5,0.1945173158150819
50,153,2177.05044022329,-3.455553724106359e-135,330.5,0.2051315759843637
50,154,2178.2155147178855,-1.3638591726682196e-138,362.5,0.20891967361903585
50,156,2180.7645479321545,-1.0443472535008333e-139,407.0,0.21720754425260042
50,155,2180.6735327670885,-3.74314441485122e-139,403.0,0.2169116195429745
51,102,2163.069405474398,-2.7425643478105062e-132,233.0,0.15967394652957573
51,103,2182.6643202170144,-4.332926960934378e-141,441.5,0.223384422153607
51,104,2185.1536987686386,-3.857446560358498e-150,525.0,0.23147833292665607
51,107,2185.3631823357255,-8.28062049270987e-152,537.0,0.23215944319785803
51,105,2185.223699916337,-2.2279540685937374e-157,552.5,0.23170593312153673
51,106,2185.080293969561,-3.2222113163120324e-158,553.0,0.2312396661744014
51,109,2183.194946216253,-1.086559011928382e-165,555.0,0.22510968787861865
51,108,2184.4912504287336,-1.123012770616805e-161,559.0,0.2293244629371169
51,110,2183.5486655508303,-1.5876820043942619e-177,613.0,0.22625976315780974
51,111,2181.5259452167847,-7.978601974697027e-168,543.5,0.21968313466877798
51,112,2180.6874089795247,-4.342020627641998e-166,522.5,0.2169567363554627
51,113,2179.9747044368064,-5.131701790327712e-151,454.0,0.21463946445137863
51,114,2179.9573483737513,-6.065221049272182e-152,458.0,0.21458303332898152
51,115,2177.909021384565,-6.552073579958751e-142,374.5,0.20792314792357247
51,116,2175.9332039236633,-8.056707384125305e-138,332.5,0.201499018406614
51,117,2177.4876963190227,-3.7782556481163643e-129,313.0,0.2065532608547194
51,118,2181.9048944860697,-2.2768436467055012e-125,379.5,0.2209152409683442
51,119,2183.6676474863284,-4.857659196387185e-117,399.0,0.0
51,121,2190.4462088085183,-2.447601315707899e-133,470.5,0.24868628388305186
51,120,2186.5106852324698,-3.734059293957773e-133,452.5,0.23589040892502866
51,122,2190.53952842722,-1.342072598483167e-142,513.0,0.24898970124263853
51,123,2195.0135944581616,-5.816032243214131e-156,580.0,0.2635365813157976
51,124,2193.158572567557,-3.553539249979067e-165,614.0,0.2575052038642598
51,125,2189.7841341147396,-2.3588837395507675e-171,634.5,0.2465336287583249
51,126,2189.0746694223967,-2.7572666458959975e-175,649.5,0.24422689083262647
51,127,2177.6684973571123,-2.8248130263333277e-177,520.5,0.2071411133809722
51,128,2174.4550595627184,-1.7566475276304385e-172,473.5,0.19669301228136313
51,131,2229.836092636433,-1.1407890363737893e-181,713.5,0.3767576874290875
51,133,2179.8648521577998,-6.731619945067711e-176,549.5,0.21428229316302003
51,130,2180.391448546919,-2.555836681487365e-177,564.0,0.21599445710215268
51,132,2179.9484523571195,-1.0523907013174682e-172,539.0,0.21455410901580063
51,129,2180.4392672713147,-1.6509318640116154e-181,580.0,0.21614993385288123
51,134,2179.3119019979013,-2.459896879204159e-176,545.0,0.2124844431521241
51,135,2182.212636144309,-4.224370324665549e-184,618.5,0.22191582647550048
51,136,2180.1086716883938,-7.823814037665937e-159,482.5,0.21507504263218655
51,137,2181.1797290948043,-5.851897215628066e-175,568.0,0.2185574551703054
51,138,2181.0454165354913,-2.243827036180524e-176,572.5,0.21812075426353894
51,139,2182.3929330766105,-2.1016657014100542e-172,576.0,0.22250203996310036
51,140,2177.739400047224,-2.127569829418774e-169,487.5,0.20737164483106424
51,141,2174.6197865485224,-3.7670631378805385e-167,449.5,0.19722860198672998
51,142,2173.444229385962,-1.6992187004605215e-171,459.5,0.19340642123556442
51,143,2174.137590459555,-4.665484036567925e-170,459.5,0.19566080020878546
51,144,2174.183665353711,-4.565139634701782e-159,413.0,0.19581060710815498
51,146,2175.4393433511373,-4.09828263656416e-158,420.0,0.19989329098289826
51,145,2175.3960898922446,-1.737761395977987e-161,432.5,0.1997526576362044
51,147,2176.265807462094,-5.049884590068552e-147,377.5,0.20258043824977207
51,148,2177.794780113277,-1.7190584583404145e-149,410.0,0.20755170636206122
51,149,2177.4216833545006,-3.325097083915808e-141,359.5,0.20633862775122547
51,150,2177.344991934755,-2.9019049361657006e-148,391.5,0.2060892749526827
51,151,2173.6897408743,-6.259078331332695e-145,348.5,0.1942046718989953
51,152,2169.6370317986202,-8.868853711550648e-172,438.5,0.18102778258006288
51,154,2170.914284081272,-1.5562695204474023e-149,356.0,0.18518061261216512
51,155,2179.671918344119,-2.408567250007161e-155,461.5,0.21365499239672392
51,153,2159.164619589288,-1.8669338194847798e-138,237.5,0.14697801142508132
52,102,2183.80632878081,-5.741172002484858e-149,495.5,0.22709752372724606
52,104,2167.8431619915627,-7.98560645141952e-121,238.0,0.1751664329635713
51,156,2184.1130802651605,-9.336318767695959e-166,568.5,0.22809488876930203
52,103,2175.575143965324,-2.8362281046095456e-154,407.0,0.2003348301186139
52,105,2180.330297573767,-1.1627993096919558e-148,442.5,0.2157956321705026
52,106,2183.2298878584606,-8.283232530069009e-148,482.0,0.2252232963670138
52,107,2183.33825263838,-1.7711959397973762e-145,475.5,0.2255756312334946
52,108,2184.5614172203063,-5.880257215557822e-144,483.5,0.22955260170285446
52,109,2184.397507234556,-7.847520000918349e-155,531.0,0.2290196683735267
52,110,2187.0935108011536,-8.118867610231768e-190,698.5,0.2377853951841898
52,111,2187.6484761805264,-6.713378063937264e-188,694.5,0.239589797435444
52,112,2187.0562369777267,-2.0685355417993753e-175,640.0,0.23766420389297757
52,114,2187.9052414639814,-1.3527338759426114e-152,556.5,0.24042463844126277
52,115,2189.0279557726326,-1.6217665177382388e-133,468.5,0.2440750070972952
52,113,2187.831886885863,-3.067435182186689e-163,593.0,0.24018613497633207
52,116,2190.6604098830803,-2.2972908230870556e-136,485.0,0.24938273255449422
52,117,2186.910712843287,-3.909585737671357e-129,440.5,0.2371910499167826
52,118,2187.0085541996177,-1.0127712305895733e-129,444.0,0.2375091691549717
52,119,2237.1831392884997,-4.545597972768174e-121,491.0,0.40060822284236053
52,120,2242.967124135127,-1.5481975443929217e-127,504.5,0.41945163496306265
52,121,2201.1208904890964,-4.720063067929309e-130,470.5,0.2833937095563627
52,123,2205.798125256508,-3.98324335285809e-154,580.5,0.2986011679991131
52,122,2296.39699804054,-2.1111622825091713e-138,560.5,0.59317235403843
52,124,2201.037080238609,-3.1587755886270478e-161,604.0,0.28312121074785523
52,125,2242.5147674921313,-7.449695074953389e-157,626.5,0.41798085251804834
52,126,2198.080546909132,-2.5380793089703256e-167,627.0,0.273508403185614
52,127,2193.691041592742,-1.4922295218034082e-169,633.5,0.2592364619633738
52,128,2193.0967171176344,-3.444075149409942e-170,637.5,0.25730408841230407
52,129,2185.593055005519,-3.885592473593836e-167,594.5,0.23290684614999568
52,130,2174.507276923256,-2.725330696135905e-148,370.5,0.19686279066107992
52,131,2184.7535892990204,-1.5248476285388475e-175,620.0,0.23017742578080283
52,132,2184.390528296887,-6.57506253495324e-179,628.0,0.22899697720879963
52,133,2185.1001676418973,-1.0049151658012854e-186,670.5,0.2313042829963463
52,134,2185.1449417210715,-2.9010099422057495e-186,667.5,0.23144986045444121
52,135,2188.0055018875523,-5.63430973765862e-191,709.0,0.24075062298142919
52,136,2240.3105043420587,-3.159187790579355e-191,763.5,0.4108139597024228
52,137,2288.3924572422434,-1.2973256033277682e-183,750.5,0.567146565811737
52,139,2196.984125560309,-1.0321482126109321e-177,672.5,0.2699435228819544
52,138,2237.7077531219925,-9.620514755270815e-186,735.5,0.40235143152408853
52,140,2187.0656539791476,-4.041538795137122e-185,676.5,0.23769482212466445
52,141,2179.3992526729576,-5.808876488850905e-186,581.5,0.21276845321937968
52,142,2178.2989939176223,-1.0365490631339536e-198,608.0,0.20919109605642852
52,143,2177.2592888319223,-3.611703169127154e-181,529.0,0.20581062176558568
52,144,2178.1768740343177,-9.489313736926654e-174,516.5,0.20879403814876826
52,145,2178.0102030043017,-4.3750939090203987e-172,506.0,0.20825212762072842
52,146,2176.636682308873,-6.784799092907535e-165,455.0,0.20378629258471756
52,148,2179.0028532514166,-1.4014530726012204e-146,414.5,0.21147960884239744
52,147,2177.753001668555,-5.901146373459577e-150,412.0,0.20741586884406127
52,149,2179.35145432811,-2.841932254576485e-143,403.0,0.2126130427302661
52,150,2179.456453469159,-3.101476150657697e-147,422.5,0.21295443463241126
52,151,2181.059474132351,-3.1148622807276293e-141,420.5,0.21816646082536054
52,152,2182.8170929876965,-3.847381977532314e-149,484.0,0.22388114418635907
52,153,2183.1916164772315,-2.3200694556913967e-156,518.5,0.2250988616382627
52,154,2178.2690915784933,-1.4627576315700077e-161,466.5,0.20909387224743514
52,155,2174.3143335915734,-2.2855606317470783e-195,556.0,0.1962354589481607
52,156,2167.955903042882,-9.650833921945586e-128,244.5,0.17556179744623954
53,102,2187.458157407071,-6.827847920769681e-152,550.5,0.23897099915352862
53,104,2181.332342757044,-3.9257139050832874e-146,448.5,0.2190536598813608
53,105,2170.4628740959915,-2.637198595733978e-157,381.5,0.18371290809589574
53,103,2186.463391774829,-1.7420016151488597e-149,529.0,0.23573664001509517
53,106,2162.4552842049015,-5.952158114764843e-142,274.0,0.15767720611583141
53,108,2187.523963194894,-4.8554519932586085e-138,479.0,0.23918495864741093
53,107,2175.4706987182144,-1.785670369383099e-135,319.0,0.19999523913506378
53,109,2187.838940082839,-8.136321963814243e-143,505.0,0.2402090675861411
53,110,2190.8538456670467,-8.027043332683484e-170,631.5,0.25001166541595765
53,111,2191.618664225307,-1.7175866873825574e-162,603.0,0.25249837968610805
53,113,2241.202743452399,-3.514672594778401e-159,634.0,0.4137149663583233
53,112,2242.320289983498,-2.143610182653461e-166,665.0,0.4173485326158712
53,114,2246.3272728060315,-1.2394671203053722e-143,569.0,0.4303767485991605
53,115,2208.585273319566,-8.805819823631653e-130,473.5,0.30766324002460443
53,116,2292.448208591737,-1.6493745891483955e-132,534.0,0.5803333467129609
53,118,2285.9976838498515,-6.099064226327522e-127,515.5,0.5593602521063036
53,117,2335.039673838245,-5.607950489254184e-129,529.5,0.7188143017977829
53,119,2242.220592584945,-2.703221127935207e-133,520.5,0.4170243786828881
53,120,2192.0102936287076,-3.228998865851215e-137,490.0,0.2537717149308258
53,122,2203.488755372372,-4.599418117863844e-139,507.5,0.29109253345577857
53,121,2201.7596434559764,-3.988954360897914e-139,507.0,0.285470536930264
53,123,2292.8340091981536,-7.11688993258712e-150,617.5,0.581587730335125
53,124,2239.0323568183453,-9.92281462065055e-144,563.5,0.4066582189031859
53,125,2240.2331758159353,-1.4869506002945567e-150,600.5,0.41056253543018983
53,126,2193.8456100680596,-2.0365480735097294e-153,570.5,0.25973902251075703
53,127,2241.771408596139,-1.774167455663208e-163,653.0,0.415563911722688
53,130,2181.1837668025455,-1.567117863858623e-177,580.5,0.2185705832846147
53,128,2287.7514799090272,-3.792607908299276e-174,714.0,0.5650625061819898
53,129,2188.5451237889365,-2.7807306993029934e-185,684.5,0.24250513778518892
53,131,2177.8778961086186,-6.537930197052024e-180,536.0,0.20782194788465763
53,132,2173.8921048189277,-4.9146053266818495e-173,469.0,0.19486263358603234
53,133,2226.215946278984,-1.0678030113204496e-185,722.0,0.3649872230360958
53,134,2187.273694267515,-1.366194594050081e-191,706.0,0.23837123975112298
53,135,2234.919132150115,-1.216003127749117e-198,775.5,0.39328457051514126
53,136,2287.0718135531233,-1.202981923456076e-195,791.0,0.5628526539132216
53,137,2287.7026731469964,-1.132343140352672e-191,782.5,0.564903816947385
53,138,2285.9091099695756,-1.6283748794283552e-192,781.5,0.5590722650066814
53,139,2186.9663968225136,-4.475649595381715e-196,714.0,0.23737209958459216
53,140,2183.391541503044,-4.061831282967096e-189,657.0,0.225748893478206
53,141,2179.912611417193,-3.286180947356924e-181,571.0,0.21443757657054546
53,142,2179.072692831832,-1.4544810769674417e-187,585.5,0.21170668372096058
53,143,2178.9509641871678,-1.0253942173316037e-184,571.0,0.21131089787802723
53,144,2178.6470424353683,-6.2922427058193105e-170,509.5,0.21032273336626658
53,145,2178.6689050181785,-1.0280106713086623e-165,489.0,0.21039381688806302
53,146,2178.162253365947,-4.383565800735304e-161,462.0,0.20874650082859733
53,147,2180.286365807103,-1.7555182490489962e-143,417.0,0.2156527933888114
53,148,2180.170785139278,-8.215916622275802e-139,392.5,0.21527699694280558
53,149,2180.66597701249,-9.149978318465063e-132,370.0,0.21688705292834565
53,150,2180.9704796061005,-5.509219548594932e-142,423.0,0.2178771059764194
53,151,2182.785564629084,-2.713693605873783e-138,429.5,0.22377863357331357
53,152,2183.841631108804,-5.448933750069863e-151,509.5,0.22721230494148856
53,153,2184.6259582090897,-1.952133904867223e-149,511.0,0.22976244885690675
53,154,2184.324459305472,-1.1713776631350523e-148,500.5,0.22878216194053458
53,155,2185.076219123568,-1.2184641738212384e-160,561.5,0.23122641730959606
53,156,2183.179713679927,-6.980766475507107e-169,568.0,0.22506016114441035
54,102,2187.2238685130433,-3.8792761822939036e-149,532.0,0.23820923738686553
54,103,2184.646492091114,-1.2218155797379754e-140,466.0,0.22982921227013686
54,104,2183.452500639104,-1.0269331095314494e-139,447.0,0.22594709467494598
54,105,2181.6320475283574,-4.047576085964876e-143,440.0,0.22002811339534514
54,106,2175.520530542909,-3.5563588232271906e-149,384.0,0.20015726123591024
54,107,2162.774100214303,-2.677909005408391e-186,462.0,0.15871379748978334
54,108,2151.0431599424955,-2.2891794044709504e-161,307.0,0.12057207582112552
54,109,2164.4185184644384,-1.591681597695055e-148,313.0,0.16406042288811254
54,111,2193.866565774363,-1.0527682077236068e-154,574.5,0.2598071574341886
54,110,2188.987356296654,-5.168388615019248e-162,594.0,0.24394300285238502
54,113,2190.7063371912786,-2.2525365752589298e-145,527.0,0.24953205959612113
54,112,2192.831532749792,-2.5178775605863854e-163,607.0,0.25644187378033406
54,114,2241.3651680182875,-2.0083269096027264e-139,544.5,0.4142430700261226
54,115,2296.0522177159687,-1.8825244256656506e-131,531.5,0.5920513428601311
54,116,2333.6788822318595,-5.955459723999525e-136,556.5,0.7143898538432732
54,117,2381.444446172599,-1.0743952447340812e-136,561.5,0.8696937598355816
54,118,2379.1485832214144,-3.7254639428508545e-135,553.5,0.862229041437525
54,119,2289.3915022978417,-7.389015318038534e-142,574.5,0.570394838973323
54,122,2241.7381730854113,-1.0997174840069347e-159,636.0,0.4154558505127326
54,121,2295.008235084494,-9.339035625480296e-157,644.0,0.5886569606508647
54,120,2291.4527756251837,-3.927630445129818e-151,625.0,0.5770968178183992
54,123,2237.086919208265,-9.096730381719607e-160,631.0,0.4003328657662555
54,125,2185.041011889416,-5.264032299381458e-162,568.0,0.23111194528138382
54,124,2239.7022805043625,-2.6911331507043788e-161,639.5,0.4088363940689668
54,126,2182.6540547539207,-6.567499281986979e-160,526.5,0.22335104525226346
54,127,2183.0722229812845,-1.2737715276402566e-186,641.0,0.22471066824660418
54,128,2185.1584921181984,-2.5223394276277105e-199,710.5,0.2314939179181857
54,129,2179.961386649061,-1.5051192698947736e-214,664.5,0.2145961632886701
54,130,2173.197334206152,-8.854187830259938e-214,586.0,0.19260367166805706
54,131,2171.374139910789,-1.8755585502530598e-220,595.5,0.18667577776097244
54,132,2168.4576651488987,-3.869243918197731e-218,571.0,0.17719321574597194
54,134,2170.590638941786,-4.996042473480586e-212,567.0,0.1841283199106709
54,133,2169.435363276697,-1.1990408057248955e-213,564.0,0.18037208197514107
54,135,2219.6991585702413,-2.628159494076206e-186,719.0,0.34379868254391033
54,136,2176.005393304892,-2.1688151789694519e-206,597.0,0.2017337333759569
54,137,2177.535791269528,-7.332198039069614e-200,596.0,0.2067096357211176
54,138,2181.7449233022944,-1.5059625040916217e-207,681.0,0.22039511520874522
54,139,2187.896832891398,-5.630054403154436e-212,753.0,0.2403972989929596
54,140,2181.4808461413513,-1.1592868149262049e-205,673.0,0.2195365005249805
54,141,2180.630424901983,-6.440187894468583e-205,653.5,0.2167714595767242
54,142,2180.33308108466,-1.7822599544333995e-205,651.0,0.21580468241671358
54,143,2182.2031178079465,-9.565506650685486e-197,663.0,0.22188487876560936
54,144,2181.346615826113,-1.1929272609634235e-168,543.0,0.21910006702479315
54,145,2176.967068842567,-6.616875771658653e-169,475.0,0.20486050410734594
54,147,2177.6971880900346,-8.536000197099495e-150,408.5,0.20723439780014385
54,146,2175.379893570632,-3.95987926644915e-160,427.0,0.19969999727167276
54,148,2181.1996932898323,-1.2525964601613391e-148,458.0,0.21862236631574256
54,149,2181.5917455017543,-1.2910047644169195e-147,459.0,0.21989707627080443
54,150,2183.9791297059446,-1.685699497379222e-153,521.5,0.22765936486170418
54,151,2181.9964212563273,-1.683726448029144e-142,440.5,0.22121283013531523
54,152,2182.535572114014,-3.4464534192959175e-146,465.0,0.22296581339793808
54,153,2183.831243858257,-3.103608277081638e-134,427.5,0.22717853206309305
54,154,2182.1594033474817,-6.6141311105780456e-136,414.0,0.22174274652852424
54,155,2183.963331072876,-1.802869344925511e-137,443.0,0.22760799753297437
55,102,2185.8282981035973,-3.775739748757285e-151,538.5,0.23367171039475992
55,103,2184.9803044002647,-1.386330215019494e-141,476.0,0.23091456228387774
54,156,2185.207090454409,-5.066925750980577e-150,525.0,0.2316519294816539
55,104,2183.2064452186523,-1.829499043372786e-147,479.5,0.22514707548258084
55,105,2183.5518372331967,-2.6198892470187784e-149,496.0,0.22627007549622752
55,106,2182.61395944373,-9.386354997815433e-153,501.0,0.22322068024092767
55,107,2179.1144544307126,-5.027532341435966e-143,399.0,0.21184246646676308
55,108,2167.1306307854056,-5.364170816431624e-162,383.0,0.17287852534909548
55,109,2152.5510799801914,-2.897087406712153e-221,506.5,0.1254748939280943
55,110,2142.16671669918,-1.1689581018290483e-205,418.5,0.09171140312570383
55,111,2152.952657844587,-1.1129461834424848e-163,326.0,0.12678057538049112
55,113,2239.0122341616825,-3.8540449839379004e-160,635.0,0.40659279253906816
55,114,2241.122710581204,-2.2442176080904977e-152,610.5,0.41345474923789416
55,112,2183.1337896041614,-1.1298077567816828e-160,535.5,0.22491084461264466
55,115,2283.68463398067,-4.823755140670387e-144,581.5,0.551839652610609
55,116,2333.1497427368336,-2.0797251643414008e-145,599.0,0.712669421305425
55,117,2328.017728339227,-6.204177533374842e-150,621.0,0.6959833023569305
55,118,2280.3823041538826,-3.978918029435535e-149,601.5,0.5411025299083367
55,119,2234.139926673349,-6.336434721004821e-157,615.0,0.39075107893399924
55,120,2327.6702674164817,-7.492446090497075e-167,686.0,0.694853575540579
55,121,2421.5216805903806,-1.1141551429958255e-168,699.0,1.0
55,122,2328.738270933049,-1.0246854274108711e-179,741.5,0.6983260587283043
55,123,2281.70892516352,-1.6524318149158415e-184,746.0,0.5454158763355603
55,126,2178.3549031068096,-1.7332486097325416e-196,604.0,0.20937287796676937
55,125,2178.7768883432673,-7.801224362805879e-188,583.0,0.2107449115006824
55,124,2228.903463921113,-5.832803344528763e-187,733.5,0.37372535889823494
55,127,2177.1652158923325,-3.940429825464367e-220,635.0,0.20550475507500096
55,128,2174.09322756568,-9.834865162569379e-229,626.5,0.19551655966954515
55,129,2169.6255778243635,-5.702370933900496e-241,628.5,0.18099054137961543
55,130,2165.096536819475,-6.85602645346924e-244,613.5,0.16626491688304015
55,131,2160.518148859007,-5.983659117574761e-250,607.0,0.1513788467784134
55,132,2157.563721897809,-1.6948798179216756e-243,573.5,0.14177288781575415
55,133,2158.342077605699,-1.251597922253244e-250,599.0,0.1443036164770281
55,134,2159.4931546600965,-3.9613987763213054e-246,592.5,0.1480462031419278
55,135,2163.518662611261,-1.2169428220695835e-247,619.5,0.161134651321762
55,137,2166.1881066061237,-1.7889042060954321e-214,547.0,0.16981402292395337
55,136,2164.8731077882044,-1.7549632626896294e-232,583.0,0.16553846463573735
55,138,2169.7954778588955,-2.908054309748608e-218,579.0,0.1815429506220518
55,139,2174.9205336498862,-1.0226976650472433e-231,639.5,0.1982064445097581
55,140,2177.947672444164,-7.016829005808909e-233,674.5,0.20804881713023876
55,141,2178.483877586272,-1.7446510313593297e-225,669.0,0.20979222275789647
55,142,2179.529008802241,-3.203478283628272e-225,682.0,0.21319033944957647
55,143,2179.1849222517376,-8.531015880253915e-218,662.5,0.212071583993053
55,144,2177.6241093528824,-8.737295217602282e-198,590.5,0.20699679119847578
55,145,2176.935044907994,-7.222973667588084e-188,554.0,0.2047563821895005
55,146,2178.867054914756,-9.715817877960174e-180,551.0,0.21103807711178038
55,147,2178.2929738074185,-3.9026700832481744e-171,507.5,0.20917152240227246
55,149,2177.893902022214,-9.518386266233842e-160,453.5,0.207873989160742
55,148,2178.306018985367,-5.431886400076165e-165,481.5,0.20921393720747064
55,150,2180.500932968125,-6.176243498121387e-165,511.0,0.21635043234573442
55,151,2181.7150286738834,-1.3162411159228536e-155,499.0,0.2202979164702108
55,153,2181.13487253735,-9.347156276629872e-145,439.5,0.21841160954414127
55,152,2181.553644752281,-3.979730059307254e-150,475.0,0.21977319633039805
55,154,2181.1503935395926,-6.065154087297787e-136,399.0,0.21846207419009803
55,155,2184.5719916412563,-4.088502279761784e-155,534.5,0.22958698314298936
55,156,2185.796305500626,-2.0087928659304114e-169,606.5,0.23356769034779826
56,102,2183.333818026056,-2.178546389443239e-144,469.5,0.2255612126323393
56,103,2184.1349572042327,-6.629926471927717e-133,428.0,0.22816601896873354
56,104,2184.2089775217787,-8.491106825279261e-130,418.0,0.22840668700418354
56,105,2184.5051945714968,-2.7975123562312253e-136,446.5,0.22936980061677928
56,106,2189.0220014722577,-2.148200039180911e-143,511.5,0.24405564741577182
56,107,2230.609285060551,-6.011187444859806e-134,510.0,0.379271628302855
56,108,2177.704951811472,-1.6397185388419656e-132,327.5,0.2072596405935865
56,111,2142.433702728532,-4.415602215241258e-234,481.5,0.09257947564035365
56,109,2173.177007581343,-1.4669243455434975e-142,331.5,0.19253758212638633
56,110,2157.536266875405,-1.7515986280178626e-173,384.0,0.14168362115863417
56,112,2133.1485885711354,-1.2933132256920007e-226,417.0,0.0623900593065028
56,113,2144.043268800315,-4.106286975680027e-168,300.5,0.0978127834311038
56,114,2175.6798556181916,-3.940134688912767e-145,366.5,0.20067528728799672
56,115,2226.6744913257094,-1.4333373729400896e-141,539.0,0.3664781263345099
56,116,2230.6453488657307,-9.589542039195993e-151,592.0,0.37938888536730236
56,117,2231.4320990675246,-7.193199649671626e-156,610.0,0.3819469077017695
56,119,2180.607255736267,-5.310007310362751e-166,517.5,0.21669612785995024
56,118,2227.5102661926485,-1.4656281377653765e-162,634.0,0.36919554638898433
56,120,2225.9895359799193,-5.208829605606231e-175,681.5,0.36425107756013586
56,121,2221.585047785117,-9.318641916959264e-180,695.5,0.34993042133594693
56,122,2226.5926208390824,-1.0406382401751061e-184,719.0,0.36621193443160616
56,123,2270.6551408309656,-4.9528761154436425e-194,779.5,0.5094758446220842
56,124,2270.6020082186733,-1.003905747715066e-197,788.0,0.5093030904129052
56,125,2219.0933640657063,-3.3747198987329994e-200,762.5,0.3418290155909632
56,126,2169.043406031495,-1.0175211664641852e-205,547.5,0.1790976807927881
56,127,2168.3262720413722,-1.4714859945844193e-230,596.0,0.17676600708065296
56,131,2154.6014845497375,-2.0748494462958597e-260,610.5,0.13214153433267653
56,129,2160.88880097209,-7.269569956446365e-246,599.5,0.15258397692190984
56,130,2160.5107060745386,-1.2244370479026812e-248,604.0,0.15135464747238553
56,128,2164.9880643593146,-2.578986308757647e-242,608.5,0.16591223190738638
56,133,2150.2113790722633,-9.893665001573574e-260,590.0,0.11786764175986296
56,132,2151.288592410069,-3.991099941636486e-260,597.5,0.12137006955817864
56,134,2149.4829290494254,-7.088304843869038e-263,597.0,0.11549917534738066
56,135,2151.2608593667796,-1.7318777795404286e-262,604.0,0.12127989895005459
56,136,2152.155111503882,-1.8244710802333467e-250,574.0,0.12418745071697725
56,137,2153.4633813659757,-1.7282733350522404e-244,562.0,0.1284411306259438
56,138,2155.5117565035935,-2.547431412023892e-243,565.0,0.13510117258010662
56,139,2159.3220554161317,-1.2620074191521264e-237,568.5,0.147489894816268
56,142,2221.3987023035775,-2.630086107860687e-242,855.5,0.34932454172814037
56,140,2159.5130315957103,-1.4933309385740056e-221,535.0,0.14811083057402136
56,143,2370.260327386502,-1.8106545697401016e-237,895.0,0.8333299615411087
56,141,2166.053994822083,-5.1137127701750456e-238,603.5,0.1693779748134997
56,145,2223.95229981413,-1.6229016136998526e-203,772.5,0.35762725261444095
56,144,2320.0191865194556,-4.0546522833689994e-217,844.0,0.6699770190773185
56,146,2175.222630188611,-2.6512341037899368e-189,546.0,0.19918867456379774
56,147,2172.9560719812716,-1.1287895368738032e-174,468.5,0.19181923696654715
56,148,2175.7519961885655,-1.985966682790502e-171,479.0,0.20090984355479763
56,149,2177.4987279070683,-3.793985419539368e-164,462.5,0.20658912871807347
56,150,2178.6160503381843,-7.2349050828344085e-165,484.0,0.21022196634185664
56,152,2180.907509612576,-1.3422862639232748e-144,434.5,0.21767236672186407
56,151,2179.177103940192,-8.58340308187249e-155,454.5,0.2120461637065301
56,154,2181.6082719576943,-1.6896341658533503e-134,400.0,0.21995081002684008
56,153,2180.935445510965,-9.575677136271335e-140,410.0,0.21776319688860488
56,155,2182.9683770220017,-1.5656607682124336e-156,516.0,0.22437302577433801
56,156,2184.0112944842854,-4.0277436393184425e-162,556.5,0.2277639447158831
57,102,2181.4124637856185,-2.7619747004843085e-148,460.0,0.2193141636347588
57,103,2185.3781153954505,-1.0863120280509915e-141,484.5,0.23220799622042043
57,104,2184.8253456136144,-1.2160514878061837e-135,448.5,0.2304107326867967
57,105,2185.0221059576925,-1.6578988739134966e-137,457.0,0.2310504749500226
57,106,2186.0695667559417,-1.2344929958387373e-134,458.5,0.23445616599438546
57,107,2185.1048728590536,-1.694080947837031e-133,444.0,0.23131958143611378
57,108,2181.2381445769283,-4.3799445718615853e-141,421.5,0.21874738598647958
57,110,2176.016847645822,-4.64583613562697e-162,444.5,0.2017709757685977
57,111,2170.626279105519,-9.294017920310227e-168,425.5,0.1842441995566192
57,112,2148.8872371033467,-9.647802340130536e-176,355.0,0.11356235563121542
57,109,2176.5378993519953,-5.947272514821344e-148,385.0,0.20346511184732288
57,113,2134.3555082026023,-2.3430944773024603e-235,440.5,0.06631421130056607
57,114,2123.7464868442676,-8.107849112213485e-227,364.5,0.031820272157518516
57,115,2136.0889304208986,-8.871038859922924e-168,257.5,0.07195022224705576
57,116,2162.1865391361894,-4.1243502018683736e-161,354.0,0.15680341429922157
57,117,2171.8020241088393,-3.151559349828016e-170,446.5,0.18806699104910726
57,118,2172.2110555381405,-1.5439452952255643e-178,479.0,0.18939690685880864
57,119,2166.151424954449,-1.1875830043182915e-185,470.5,0.16969475700697564
57,122,2259.2181346071125,-2.3531644011974156e-199,790.5,0.47228981366416656
57,121,2261.787657192311,-2.4211368156290793e-199,791.0,0.48064430298856564
57,124,2262.1199676563465,-1.5292808839778165e-214,821.5,0.48172476993606855
57,120,2213.091847871676,-3.750622032181494e-191,733.0,0.3223158175898804
57,123,2170.524784361216,-4.989648747404726e-211,563.5,0.1839142017731212
57,125,2216.594380550464,-3.339413974692231e-220,802.5,0.33370387545006536
57,126,2170.9242538654003,-7.685756784735323e-230,610.5,0.18521302814941176
57,127,2212.053722262229,-1.7621995630472826e-252,877.5,0.3189404787734522
57,128,2162.6374451074225,-5.467195481965485e-261,651.0,0.15826948007528246
57,129,2155.6584031518514,-1.8749229358018677e-263,628.0,0.1355779762728966
57,130,2150.8075094584124,-2.0228203128264034e-263,604.5,0.11980588701044799
57,131,2149.440857900816,-1.2861246599913376e-273,624.5,0.11536238613838609
57,133,2141.4777802089393,-6.813650604706935e-273,584.0,0.08947141014566116
57,132,2146.0637271111973,-8.375441480380741e-275,606.0,0.1043820572276805
57,136,2138.226521474031,-2.093766975477996e-264,547.5,0.07890033887035239
57,135,2138.9307736955843,-3.279729559980023e-271,570.0,0.081190129082956
57,134,2140.7309427166656,-1.8381634577244204e-277,590.5,0.0870431591187183
57,137,2138.4632874105655,-5.929836085307549e-262,537.5,0.07967015443864256
57,138,2147.5619457153102,-3.904584449514265e-263,584.0,0.10925333230647487
57,139,2145.336346798879,-3.9970233118118774e-259,559.5,0.10201706884849765
57,140,2146.4963421503953,-1.1886286021470393e-258,562.0,0.10578865226886591
57,141,2147.686112308068,-2.0559034268691878e-254,558.0,0.1096570448403196
57,142,2154.252878379775,-2.87249371510455e-256,599.0,0.13100808388466484
57,143,2168.0216027339525,-8.517326317563155e-252,651.5,0.17577541198295946
57,146,2166.75849262635,-1.7145317689037732e-203,529.5,0.17166856350834644
57,147,2167.1614060152733,-3.1801270272082694e-189,495.0,0.172978587255874
57,144,2216.8702463082645,-1.913679740036718e-232,827.0,0.3346008193188557
57,145,2171.2912237800583,-1.2238829674215173e-220,594.5,0.18640618607378523
57,148,2169.318613878474,-4.4251891597871535e-180,470.5,0.179992485544776
57,149,2171.372766115824,-4.432165105681497e-173,455.5,0.18667131103418294
57,151,2177.8582938418244,-6.249420974932633e-165,471.5,0.20775821350473445
57,150,2174.2062003659967,-8.175249209083314e-176,483.5,0.1958838769523856
57,152,2179.0477773250996,-5.1335027045962046e-151,440.0,0.21162567398934531
57,153,2180.6211541922166,-1.0907788654506197e-148,447.0,0.21674131699451069
57,154,2181.0512593631474,-4.9358311947794387e-144,435.0,0.21813975150511158
58,105,2189.796282794793,-1.2105527365852574e-132,466.0,0.2465731287099491
57,155,2183.2818552130298,-5.54872609092372e-159,532.5,0.22539226188281267
57,156,2184.5541923356204,-2.2107754760664556e-151,523.0,0.2295291108713957
58,103,2184.123112701992,-2.4817195768839517e-132,424.0,0.22812750801417175
58,104,2186.0638698600924,-8.837331571447842e-132,444.5,0.2344376432322855
58,102,2178.899020225316,-3.0963786385777044e-141,388.0,0.21114200842079534
58,106,2286.9332244989782,-1.020265555157834e-129,521.0,0.5624020485049225
58,107,2243.636737062733,-3.7548245640888674e-125,502.0,0.42162879649007223
58,108,2180.980483920244,-1.2932198565678995e-135,394.5,0.21790963378379877
58,109,2178.090412464694,-3.356531764699539e-142,379.0,0.2085129188993977
58,110,2177.445990764127,-1.011690123174167e-159,443.5,0.20641766032926098
58,111,2175.3569666482417,-5.205542455013541e-163,438.5,0.19962545317953184
58,113,2166.3895492590927,-1.2470465798229135e-161,378.0,0.17046898914351602
58,112,2173.505820988459,-1.364069326640832e-170,457.0,0.19360667881979401
58,114,2141.9183449203283,-2.9512001367786016e-167,284.5,0.090903852576488
58,116,2118.9494874782067,-1.0805295999122078e-229,358.0,0.016223413727957103
58,115,2125.804388468378,-1.3285371167526772e-222,369.0,0.038511288320727095
58,117,2129.7900200664626,-1.9221999652425772e-193,325.5,0.05147008340156935
58,118,2148.3398102103715,-3.220044316078027e-182,374.5,0.11178246384914085
58,120,2159.155319933174,-1.2930953465349954e-198,480.0,0.14694777472734802
58,119,2202.7713861374505,-3.1857192434481972e-189,721.0,0.28876009487386944
58,121,2206.754638775339,-2.0516819209459927e-204,762.0,0.30171115505575613
58,122,2161.527748665779,-3.1434085863920944e-213,522.0,0.15466143742625627
58,123,2157.9200312591897,-9.98067173121237e-221,525.5,0.14293138425123428
58,125,2157.4656877510415,-6.339585697905962e-234,547.5,0.14145414174311258
58,124,2159.090497867592,-2.832956179671057e-226,538.5,0.14673701368636435
58,126,2155.893275544284,-2.6932956200890466e-240,559.5,0.13634163521346238
58,127,2156.5524936658385,-1.9956768391153804e-259,614.5,0.13848500254197058
58,128,2152.2447920995564,-8.071714847603679e-270,629.5,0.12447903623698174
58,129,2148.9210949769367,-1.2022271565055292e-271,617.0,0.11367244037811902
58,130,2145.900424357521,-2.942414437056675e-277,612.0,0.1038510982393871
58,131,2143.4735383657717,-2.2583107982177565e-282,611.5,0.09596037440360687
58,132,2140.0389599046866,-1.173715363892475e-276,584.0,0.08479326139505268
58,133,2138.6294888346247,-1.0979118830223528e-280,585.0,0.0802105381001837
58,134,2135.2310673496077,-3.917403994348941e-278,563.0,0.06916098508985753
58,136,2130.0284091092935,-7.55909109830849e-267,509.5,0.052245176302039315
58,137,2130.2941834348667,-2.7159219196465495e-267,512.0,0.05310930910962409
58,135,2132.2140156666246,-1.1536414290008568e-275,541.5,0.059351409481596014
58,138,2131.605540309778,-3.3032476354116565e-266,515.0,0.057373026064296
58,139,2132.181254102835,-1.7493985572443814e-260,499.5,0.059244889252309425
58,140,2133.0768944925258,-1.3004745740456748e-256,494.5,0.06215695475322227
58,141,2134.0076302952193,-7.137670120493512e-257,500.0,0.06518312870951701
58,142,2137.259090115047,-2.2927715446046684e-256,518.5,0.07575485378791812
58,143,2141.820249603813,-9.863795537766285e-253,530.5,0.09058490761787123
58,144,2147.7701134300905,-2.7957817600373115e-240,518.0,0.10993016424437438
58,145,2152.862629753733,-5.544282796001952e-221,507.0,0.12648786002228848
58,146,2155.2435553026585,-1.0211644272824957e-212,491.5,0.13422914908324793
58,147,2159.150769358019,-2.917959098501608e-196,474.0,0.1469329790871885
58,148,2160.765778248106,-1.1662206676634401e-188,460.5,0.1521839835378849
58,150,2169.102976611569,-2.813117535363819e-187,497.5,0.17929136726907813
58,149,2164.976294811726,-1.1865166830772741e-181,454.0,0.16587396465873494
58,152,2178.442997600661,-3.317031217789202e-157,452.0,0.20965930647012568
58,151,2173.4415430838503,-1.3832672504236e-169,450.5,0.19339768705185134
58,153,2180.1397498066167,-1.3532464151540298e-144,420.5,0.21517608934351395
58,154,2179.834924485732,-3.562922524559401e-141,397.0,0.2141849869870649
58,155,2182.0579035936616,-7.279157909910285e-141,432.0,0.22141273245719323
58,156,2183.8717792742514,-1.730830223667526e-150,508.5,0.2273103280247769
59,102,2181.674143699549,-9.938744253154628e-139,419.5,0.2201649839622139
59,103,2182.1270053022463,-2.6784144863823528e-132,396.5,0.22163740823548503
59,104,2184.896505902341,-1.4298264406193802e-132,435.0,0.2306421016873689
59,106,2236.065759535096,-2.2898106398222116e-130,501.5,0.3970126896225663
59,105,2185.5926164557377,-1.5582318104216068e-133,451.0,0.23290542025886402
59,107,2285.7239692306885,-1.8442118537567224e-128,516.5,0.5584703024705658
59,109,2231.5828345148284,-5.3060732441759354e-142,548.0,0.38243700562601496
59,108,2282.792423663195,-2.225066190662829e-131,522.0,0.548938739571197
59,110,2226.9724507736246,-7.61282449031068e-170,663.0,0.3674469051423128
59,111,2223.3333640049395,-9.093131213847755e-174,672.5,0.3556148583120296
59,113,2171.1674323968446,-2.8036194720267814e-175,461.5,0.18600369348801488
59,112,2172.576118755811,-5.551533907098788e-180,487.5,0.19058386539045466
59,114,2169.6030311352915,-5.352380926519516e-174,447.5,0.18091723356973763
59,115,2161.5648233549773,-1.553310532651885e-169,386.0,0.15478198125680875
59,117,2122.9582363360737,-1.5131395915572487e-231,370.5,0.029257371759758975
59,116,2138.70308398591,-2.50113300742242e-181,329.5,0.08044982375942694
59,118,2116.0235436540897,-3.0381914927184685e-232,361.0,0.006710064211908138
59,121,2146.8868956013725,-7.050318012545726e-218,465.0,0.10705848918549458
59,119,2123.704763221016,-6.673187313875166e-218,345.0,0.03168461288484348
59,120,2138.92832764547,-3.810901548164991e-209,410.5,0.08118217604931227
59,122,2149.4850029706186,-2.2700399043742875e-227,503.5,0.11550591844921908
59,125,2149.0125527824603,-5.5007301177991496e-250,557.5,0.11396980427921127
59,123,2149.355351324148,-3.060513460784905e-235,516.5,0.11508437193214735
59,124,2149.694899803277,-5.42449928752647e-242,537.5,0.11618837240302855
59,126,2152.3793778164354,-6.812056831936686e-265,618.0,0.12491662528226154
59,127,2149.6428836434543,-6.184452976038131e-277,633.5,0.11601924820289905
59,128,2146.8800392718063,-2.463355198567186e-281,622.0,0.10703619666606079
59,129,2143.88714524848,-8.503156288070307e-279,608.0,0.09730516674207063
59,131,2140.0932601077748,-1.050204624857143e-291,613.5,0.08496981188331292
59,130,2141.465933202184,-9.720683230671208e-283,602.5,0.08943289104797549
59,133,2133.436136543525,-1.815414272529791e-290,574.0,0.0633249864713471
59,132,2136.9961165569125,-3.757883375649052e-293,600.5,0.07489982733409772
59,134,2132.8195483153268,-8.017066686003146e-287,565.5,0.061320225042236796
59,135,2130.2203016774465,-1.3863933271076066e-282,544.5,0.05286909158548549
59,136,2127.1831459675786,-1.80475199642776e-269,501.5,0.04299415018555734
59,137,2124.965342273239,-4.0503518793559977e-262,462.5,0.035783231941559634
59,138,2125.279958195785,-2.3178609588392136e-266,477.0,0.0368061672453156
59,139,2127.0032971815053,-2.8789239885484947e-265,490.5,0.042409393790766046
59,143,2131.393371209796,-2.9499077863320427e-260,495.0,0.05668318411039463
59,142,2128.4111838504305,-3.395516661212986e-264,494.5,0.04698696559856135
59,140,2126.4101902875773,-3.633771784887954e-259,467.0,0.04048097905641326
59,141,2126.269208214888,-2.4339815812316488e-262,474.5,0.04002259304027147
59,145,2136.9692426549254,-3.0686038829176315e-236,460.0,0.07481245011914377
59,144,2133.608108534711,-4.101731189759493e-245,465.0,0.06388413242816138
59,146,2142.2113582240972,-3.112718373570481e-226,463.0,0.09185654959979717
59,149,2157.7716107697775,-6.682490636901351e-200,478.0,0.14244881313025654
59,147,2147.3573837644863,-1.9677229781184164e-216,461.5,0.10858822407034509
59,148,2153.3249380635334,-1.4716825493408111e-207,477.0,0.1279909991116496
59,150,2163.989370257986,-1.1070826472816148e-187,474.0,0.1626650998308087
59,151,2170.7015360182677,-7.445041249826499e-174,454.5,0.18448888823060333
59,152,2177.49796502379,-7.022471914142814e-158,436.5,0.20658664829613047
59,153,2179.2981230019523,-9.726347547298264e-148,422.0,0.21243964242718788
59,155,2182.743078440284,-3.5931659709395806e-151,497.5,0.22364049491175492
59,154,2179.693927726661,-1.2377884155665273e-144,415.0,0.2137265532199454
60,102,2177.66598535855,-1.2985118958769846e-138,351.5,0.20713294592399364
60,103,2233.2562457025874,-1.4537680304089962e-134,514.0,0.3878778980252471
59,156,2183.639515567154,-3.7491376283200063e-168,573.5,0.2265551509064404
60,104,2184.796953377263,-9.86411959623929e-125,416.5,0.23031841411590245
60,106,2186.439849315174,-1.402544528016473e-136,467.5,0.2356600945786044
60,105,2187.880176666095,-6.7495644300911995e-124,441.0,0.24034310991274346
60,107,2235.9509523309307,-2.855794749063181e-138,531.0,0.3966394079993424
60,108,2291.238067631205,-1.2532277483341673e-138,559.5,0.5763987209602938
60,110,2180.697542706481,-4.9765288124859586e-170,541.0,0.2169896849328207
60,109,2185.755060892311,-2.532813076806924e-154,547.0,0.2334335885337717
60,111,2174.8949937322272,-1.6393971032813052e-177,496.0,0.19812340458216332
60,112,2171.9478497187893,-9.674103924741221e-183,496.0,0.18854112523596697
60,113,2170.389760818016,-1.965183449343412e-186,500.0,0.18347518918895264
60,115,2167.0336925762276,-4.888866500178476e-186,478.0,0.17256334258387318
60,114,2167.430941474671,-3.126382270556096e-190,501.0,0.17385494893140657
60,116,2164.064099289617,-3.1332782356607432e-198,506.5,0.16290807216371542
60,117,2157.982869544491,-1.0353256392723527e-206,493.5,0.14313569527256523
60,118,2136.3019154104486,-5.434715412231054e-215,409.0,0.07264271696638717
60,119,2121.0211538931017,-6.325830418513682e-243,393.0,0.022959184429741996
60,120,2113.959783575987,-4.202921668584896e-241,383.0,0.0
60,123,2141.2616662232413,-4.810916041924025e-247,512.5,0.08876874187694543
60,124,2144.818634434617,-3.630676351457014e-259,560.0,0.10033379023275353
60,121,2122.4461755016164,-1.745241173409169e-236,381.0,0.027592468403953
60,122,2133.353295994263,-6.51574624053702e-236,437.0,0.06305564052808744
60,125,2144.8146059874302,-2.0404587179793475e-265,580.5,0.10032069222800827
60,127,2145.2372896211195,-8.475308104047393e-286,625.5,0.10169499651534826
60,126,2145.6909184368833,-3.0310183876610023e-274,604.0,0.10316991528834087
60,128,2143.227911172009,-6.745274680967733e-291,627.5,0.0951617475380978
60,129,2141.3845389954795,-1.881556004166903e-297,625.0,0.08916824771115633
60,130,2138.516427512912,-1.7606633911440858e-290,604.0,0.07984293300081877
60,131,2137.8037376940556,-4.210398771908812e-300,610.0,0.07752570896957642
60,132,2136.2938816443925,-1.2711717226059888e-295,599.0,0.0726165961557989
60,133,2133.8437834129636,-3.78745503116059e-302,589.5,0.06465040055350604
60,137,2125.3637747044318,-9.838310321827444e-271,489.5,0.03707868640149266
60,135,2126.2374518889264,-1.0602066047997682e-277,514.0,0.03991934121919199
60,134,2130.4267888198374,-3.068034787890029e-290,558.5,0.05354045934721186
60,136,2126.0859492420586,-6.165193875649118e-273,503.0,0.039426748839126384
60,138,2125.531891490393,-1.883354696484124e-271,493.5,0.03762529762867331
60,139,2126.047712431943,-8.335584334226976e-276,506.0,0.03930242651413546
60,140,2124.7291879575196,-8.252174132580324e-270,482.5,0.0350154049837607
60,141,2126.4976862299222,-1.128420365667162e-270,501.5,0.04076546144254207
60,142,2125.327815675307,-1.8330531028167538e-266,478.5,0.03696177000361101
60,143,2126.0625221531636,-8.18729085267571e-262,468.5,0.03935057851659157
60,144,2126.410068455616,-7.563745453253767e-248,438.5,0.04048058293464913
60,146,2133.753817128312,-6.701268317818175e-238,447.5,0.06435788615063393
60,145,2131.017106881798,-9.535783522311927e-246,454.5,0.055459806534529706
60,148,2145.6191145950747,-8.90668533215418e-220,463.5,0.10293645385340507
60,150,2156.834587164027,-1.0288873393753995e-185,427.0,0.13940219514914037
60,147,2138.994850731963,-5.133094609468752e-225,447.5,0.08139846775234547
60,149,2150.7201132557257,-1.2387425256530072e-207,464.0,0.11952172891565442
60,151,2168.298555098258,-1.1406999613598293e-176,452.0,0.17667588882028556
60,152,2174.1010470798533,-2.0970111643277992e-172,468.5,0.19554198386626492
60,154,2190.996861884638,-5.390378063303807e-169,628.0,0.25047666520617695
60,153,2181.6438453386236,-9.755714591914603e-165,531.5,0.22006647253664563
60,155,2281.9965265206574,-1.361063932858332e-175,714.0,0.5463509770744018
61,102,2173.492981839831,-2.3885482926148715e-142,333.5,0.19356493389380391
60,156,2186.936278758317,-1.4032758123435267e-158,567.5,0.23727417437184903
61,103,2182.0346959565168,-1.0087213355900067e-132,397.5,0.2213372756552611
61,105,2186.9906792650154,-9.667545228369494e-144,504.5,0.2374510509850663
61,104,2187.9631653689353,-4.7113548621578366e-132,458.0,0.24061297095421744
61,107,2183.394548257499,-3.7643437463893906e-147,481.5,0.22575866957363286
61,106,2184.9240755506826,-6.277191090314505e-145,492.5,0.23073174103674687
61,108,2187.935216986089,-3.3168232735273534e-159,580.0,0.2405221001957864
61,109,2284.1459800675084,-2.5337588433827473e-173,706.5,0.5533396631493559
61,110,2331.5368464557687,-1.0310949164483508e-187,775.0,0.7074252857453254
61,111,2278.5876383462783,-2.0723698798600567e-187,758.5,0.5352673929000603
61,112,2275.47721268003,-4.433700303360248e-200,796.5,0.5251542231724631
61,113,2226.1150641711974,-3.7790388544734047e-200,770.0,0.3646592171655183
61,114,2216.825188748753,-2.2666233329728317e-203,764.5,0.3344543201590157
61,115,2164.8532667421914,-4.7257182086484135e-210,532.0,0.16547395389430425
61,116,2161.8842473233003,-1.8164888062326414e-217,535.5,0.15582054933505174
61,117,2162.3756498984794,-5.639491201531948e-230,566.0,0.15741828488015444
61,119,2150.85958285191,-1.0745022337845263e-242,543.0,0.11997519729889145
61,120,2133.4665253356334,-7.794212379270486e-241,451.0,0.06342379192287788
61,118,2158.055807404541,-9.839865707826177e-243,574.0,0.14337284382951576
61,121,2121.378864660873,-5.5119674173069e-251,418.0,0.024122237367196108
61,122,2115.242969254068,-1.6955255903807317e-246,401.5,0.004172121743745224
61,123,2125.3599630334948,-8.346446700993203e-263,468.5,0.03706629321828625
61,124,2134.7428480927915,-2.0557158570736398e-268,536.5,0.06757359971619634
61,125,2141.5816055267564,-2.1340079046447604e-284,609.0,0.08980898550471904
61,127,2142.8413015919805,-9.511028834529424e-304,638.5,0.09390473363689121
61,126,2142.8655406445546,-2.342172364630389e-291,628.0,0.09398354396030707
61,129,2140.280057930534,-0.0,628.25,0.08557716222343152
61,128,2142.2905051102834,-0.0,639.25,0.0921138860480195
61,130,2137.2214361621654,-4.59268057265709e-306,613.0,0.07563242655214192
61,132,2132.340987387483,-5.116954093972815e-300,581.0,0.059764242547365606
61,131,2135.213437203883,-7.171346594982348e-306,600.5,0.06910366282108606
61,134,2128.21536835907,-3.679331322715465e-291,550.0,0.046350295408718885
61,135,2128.420898900118,-3.6666566603615446e-298,559.5,0.04701855289783985
61,133,2130.496579709631,-8.529686814413559e-293,565.0,0.05376737591415718
61,136,2127.7347623597325,-1.6794092703462558e-290,546.5,0.04478766361328871
61,137,2124.656877556445,-9.321268545659996e-285,515.0,0.034780296533148354
61,139,2127.1492630380317,-6.723744086816345e-287,538.5,0.0428839839722654
61,138,2126.2979284562316,-8.560522019711894e-287,531.5,0.0401159734024768
61,140,2126.3542949963057,-6.316677501302024e-280,519.0,0.04029924233345067
61,143,2127.3796802595034,-1.407697962807644e-275,517.0,0.04363315746777464
61,141,2126.3140397646016,-1.8099856540680928e-282,523.0,0.04016835735681704
61,142,2126.4028753532666,-5.683939107094448e-284,528.0,0.0404571954395814
61,144,2128.308551344147,-1.786925353173716e-259,477.5,0.046653268520738034
61,145,2129.1233163120323,-5.125542332805041e-252,464.0,0.04930237745066259
61,147,2134.306429737267,-2.0366872668273126e-230,429.5,0.066154638655802
61,146,2130.5477790964364,-1.5587897586855036e-240,437.0,0.0539338444764283
61,148,2138.4892580569913,-1.062251058892531e-221,439.0,0.07975459482829382
61,150,2156.761654084784,-3.7796274417149884e-209,491.0,0.13916506213639962
61,149,2148.3620773337034,-6.906335606358798e-213,458.0,0.11185486268510855
61,151,2164.436325274769,-8.341137103337496e-192,492.0,0.16411831956030556
61,152,2166.6178500373207,-4.054545312840427e-188,489.0,0.1712112812819252
61,154,2185.5303088854635,-9.235437233672429e-179,643.5,0.2327028347927218
61,153,2174.2947002886854,-2.322490302717107e-172,470.0,0.1961716236581635
61,155,2190.524468946018,-3.5524587822035443e-186,694.0,0.24894073717606102
61,156,2189.7568991825146,-5.461879321596432e-203,741.0,0.24644507769758134
